,network,station,longitude,latitude,start_date,end_date,sid,x,y,flag
0,BK,BBEB,-122.32975,37.821594,2002-09-10T02:54:00.000000Z,2007-11-20T01:30:00.000000Z,BK.BBEB,42201.02439883375,46929.60891580164,True
1,BK,BDM,-121.86554,37.95397,1998-11-12T00:00:00.000000Z,3000-01-01T00:00:00.000000Z,BK.BDM,54177.39359096579,5213.653253821576,True
2,BK,BKS,-122.23558,37.87622,1987-05-05T00:00:00.000000Z,1991-03-09T00:00:00.000000Z,BK.BKS,42153.48368831818,36660.08527126339,True
5,BK,BL67,-122.243179,37.87492,2011-04-15T18:00:00.000000Z,3000-01-01T00:00:00.000000Z,BK.BL67,41878.37580734571,37286.31648639084,True
6,BK,BL88,-122.254288,37.877151,2011-01-25T21:00:00.000000Z,3000-01-01T00:00:00.000000Z,BK.BL88,41104.63181814799,37932.84801727226,True
7,BK,BRIB,-122.15179,37.91886,1995-06-23T16:00:00.000000Z,2014-12-16T03:00:00.000000Z,BK.BRIB,42636.08478646798,27914.31982512284,True
9,BK,BRK,-122.260986,37.87352,1996-08-16T00:00:00.000000Z,3000-01-01T00:00:00.000000Z,BK.BRK,41085.46775964986,38646.55860476577,True
10,BK,BUCI,-122.57818,38.13688,2022-08-26T21:00:00.000000Z,3000-01-01T00:00:00.000000Z,BK.BUCI,1059.9814076047514,43998.78898560516,True
11,BK,CMAB,-122.229141,38.06892,2009-12-16T22:00:00.000000Z,2019-10-27T16:06:00.000000Z,BK.CMAB,25156.04603452127,23662.2325310472,True
12,BK,CMSB,-122.25168,37.87195,1994-12-19T20:15:00.000000Z,2010-12-15T19:42:00.000000Z,BK.CMSB,41706.82248512327,38085.52429877044,True
14,BK,CRQB,-122.224869,38.055779,1996-07-04T01:40:00.000000Z,2010-05-17T19:00:00.000000Z,BK.CRQB,26557.642626361026,24213.516939094625,True
15,BK,HERB,-122.26217,38.01239,2001-09-18T23:44:00.000000Z,3000-01-01T00:00:00.000000Z,BK.HERB,28539.125768356767,29690.32481073017,True
16,BK,JRSC,-122.23868,37.40373,1994-06-30T21:20:00.000000Z,3000-01-01T00:00:00.000000Z,BK.JRSC,84477.3160244927,67630.93129156422,True
17,BK,LLNL,-121.71675,37.68188,2022-04-07T00:33:00.000000Z,3000-01-01T00:00:00.000000Z,BK.LLNL,86361.3650032265,12154.201396107987,True
21,BK,MHDL,-122.49431,37.84232,2006-05-17T23:00:00.000000Z,3000-01-01T00:00:00.000000Z,BK.MHDL,31824.29877580644,57297.4735177438,True
22,BK,OHLN,-122.27299,38.00625,2001-10-05T00:00:00.000000Z,2011-08-16T21:24:37.000000Z,BK.OHLN,28533.770755064346,30859.72847180948,True
24,BK,OXMT,-122.42431,37.49936,2003-12-20T00:10:00.000000Z,3000-01-01T00:00:00.000000Z,BK.OXMT,66240.93832001464,74694.90511082229,True
25,BK,PETB,-122.501099,38.1189,2010-09-10T01:00:00.000000Z,3000-01-01T00:00:00.000000Z,BK.PETB,6653.032250668315,39711.64382001804,True
26,BK,PINL,-122.36602,38.01,2018-10-23T00:00:00.000000Z,3000-01-01T00:00:00.000000Z,BK.PINL,23400.818743154203,37230.23368152215,True
28,BK,RB2B,-122.403137,37.93335,2009-11-06T00:00:00.000000Z,3000-01-01T00:00:00.000000Z,BK.RB2B,28369.23684918756,44868.345313444355,True
29,BK,RFSB,-122.3361,37.91608,1996-01-29T22:00:00.000000Z,3000-01-01T00:00:00.000000Z,BK.RFSB,33383.04160935999,41224.331702536474,True
30,BK,RSRB,-122.44648,37.935749,1997-06-07T00:00:00.000000Z,2001-04-20T00:00:00.000000Z,BK.RSRB,25913.659355101205,47794.158352674516,True
31,BK,SBRN,-122.41127,37.68561,2002-08-15T00:00:00.000000Z,3000-01-01T00:00:00.000000Z,BK.SBRN,50195.25137827477,61610.4146310316,True
32,BK,SCCB,-121.86422,37.28744,2000-04-28T11:17:00.000000Z,2012-10-05T00:00:00.000000Z,BK.SCCB,114352.14070796387,48261.04800471978,True
34,BK,SM2B,-122.11022,37.838744,2007-03-06T00:38:00.000000Z,2007-05-22T22:22:00.000000Z,BK.SM2B,51987.253995297804,30154.607936362194,True
36,BK,SMCB,-122.111588,37.83881,1997-12-19T00:00:00.000000Z,2007-06-26T19:00:00.000000Z,BK.SMCB,51910.84038467393,30247.973554779383,True
37,BK,STAN,-122.175079,37.403931,1991-08-20T00:20:00.000000Z,1994-06-30T15:06:00.000000Z,BK.STAN,87759.8288426789,63054.99467732968,True
38,BK,SVIN,-122.52632,38.03318,2003-08-05T17:51:00.000000Z,3000-01-01T00:00:00.000000Z,BK.SVIN,13042.033165639303,47101.66582846132,True
40,BK,VAK,-122.248894,37.877525,2010-08-31T00:00:00.000000Z,3000-01-01T00:00:00.000000Z,BK.VAK,41349.30379514741,37524.0851444738,True
41,BK,VALB,-122.275299,38.121498,2005-11-27T00:00:00.000000Z,3000-01-01T00:00:00.000000Z,BK.VALB,18054.018816351963,23519.823102648726,True
42,BK,W02B,-122.386322,37.791119,2003-06-18T00:00:00.000000Z,2011-02-04T00:27:00.000000Z,BK.W02B,42012.54949611403,52948.59922343996,True
43,BK,WENL,-121.75697,37.62211,1997-06-21T01:11:00.000000Z,1997-07-24T17:50:00.000000Z,BK.WENL,89690.9372528932,18902.324646844107,True
46,BK,YBIB,-122.35923,37.814201,1996-06-28T23:25:00.000000Z,1998-02-08T19:07:00.000000Z,BK.YBIB,41340.936263225245,49512.60032124101,True
48,CE,57031,-121.9548,37.3925,2003-05-01T00:00:00.000000Z,3000-01-01T00:00:00.000000Z,CE.57031,100197.74630209905,47975.07427889023,True
49,CE,57064,-121.919,37.53,2003-05-01T00:00:00.000000Z,3000-01-01T00:00:00.000000Z,CE.57064,89655.00566679546,36493.66555609681,True
50,CE,57191,-121.7153,37.3381,2013-07-15T00:00:00.000000Z,3000-01-01T00:00:00.000000Z,CE.57191,117472.61185690382,34253.76841943591,True
51,CE,57201,-121.6844,37.7009,2009-01-30T00:00:00.000000Z,3000-01-01T00:00:00.000000Z,CE.57201,86303.76210456179,8604.77116442001,True
52,CE,57213,-121.9689,37.5529,2010-10-05T00:00:00.000000Z,3000-01-01T00:00:00.000000Z,CE.57213,85016.39230862826,38590.52986116427,True
53,CE,57227,-121.7164,37.6811,2003-09-25T00:00:00.000000Z,2022-06-15T00:00:00.000000Z,CE.57227,86449.75338514542,12179.462781349197,True
54,CE,57252,-121.7172,37.6911,2009-01-29T00:00:00.000000Z,3000-01-01T00:00:00.000000Z,CE.57252,85505.82990216988,11591.014340002272,True
55,CE,57253,-121.7005,37.6869,2009-01-29T00:00:00.000000Z,3000-01-01T00:00:00.000000Z,CE.57253,86742.06028416014,10663.949454288668,True
56,CE,57254,-121.7029,37.6724,2009-01-29T00:00:00.000000Z,3000-01-01T00:00:00.000000Z,CE.57254,87928.19961630806,11772.466992342685,True
57,CE,57299,-121.998,37.338,2005-08-24T00:00:00.000000Z,3000-01-01T00:00:00.000000Z,CE.57299,102872.19843210814,54615.02232537527,True
58,CE,57307,-121.935,37.744,2005-11-03T00:00:00.000000Z,3000-01-01T00:00:00.000000Z,CE.57307,69541.75476869516,23776.538367050824,True
59,CE,57311,-121.9725,37.5513,2006-04-10T00:00:00.000000Z,3000-01-01T00:00:00.000000Z,CE.57311,84974.74787924645,38952.500089339475,True
60,CE,57333,-121.9071,37.3555,2011-05-02T00:00:00.000000Z,3000-01-01T00:00:00.000000Z,CE.57333,105998.84502673181,46941.531895234795,True
61,CE,57370,-121.764,37.2903,2008-06-25T00:00:00.000000Z,3000-01-01T00:00:00.000000Z,CE.57370,119273.61096569401,40853.05052894571,True
62,CE,57371,-121.8289,37.273,2008-06-24T00:00:00.000000Z,3000-01-01T00:00:00.000000Z,CE.57371,117480.78757503236,46650.312683733886,True
63,CE,57384,-121.9612,37.5088,2009-06-04T00:00:00.000000Z,3000-01-01T00:00:00.000000Z,CE.57384,89387.52178221435,40896.655659935466,True
64,CE,57392,-121.9579,37.557,2008-10-08T00:00:00.000000Z,3000-01-01T00:00:00.000000Z,CE.57392,85214.61509941738,37535.664271400194,True
65,CE,57426,-121.831,37.9722,2003-07-16T00:00:00.000000Z,3000-01-01T00:00:00.000000Z,CE.57426,54302.437292418406,1567.437607425567,True
66,CE,57428,-121.9877,37.5004,2013-03-14T00:00:00.000000Z,3000-01-01T00:00:00.000000Z,CE.57428,88775.62963796123,43343.35530291643,True
67,CE,57431,-121.949,37.524,2009-05-13T00:00:00.000000Z,3000-01-01T00:00:00.000000Z,CE.57431,88647.6710945583,39035.80914438782,True
68,CE,57432,-121.9542,37.7017,2009-05-11T00:00:00.000000Z,3000-01-01T00:00:00.000000Z,CE.57432,72365.79222835894,27892.093446638777,True
69,CE,57444,-121.9947,37.7712,2010-10-11T00:00:00.000000Z,3000-01-01T00:00:00.000000Z,CE.57444,64018.37817918034,26284.593499092807,True
70,CE,57449,-121.8124,37.6957,2010-11-18T00:00:00.000000Z,3000-01-01T00:00:00.000000Z,CE.57449,80201.45271635518,18121.232037837235,True
71,CE,57451,-121.8891,37.6986,2009-12-03T00:00:00.000000Z,3000-01-01T00:00:00.000000Z,CE.57451,75995.99916644716,23430.29209659038,True
72,CE,57452,-121.8931,37.7008,2009-12-03T00:00:00.000000Z,3000-01-01T00:00:00.000000Z,CE.57452,75591.84761674723,23574.401963084747,True
73,CE,57453,-121.9555,37.7682,2010-10-07T00:00:00.000000Z,3000-01-01T00:00:00.000000Z,CE.57453,66306.00299163455,23675.25577081759,True
74,CE,57475,-121.9589,37.7558,2010-11-11T00:00:00.000000Z,3000-01-01T00:00:00.000000Z,CE.57475,67248.51523258066,24722.172656283634,True
75,CE,57522,-121.9707,37.5693,2013-04-11T00:00:00.000000Z,3000-01-01T00:00:00.000000Z,CE.57522,83445.82079665846,37656.48423897511,True
76,CE,57528,-121.773,37.753,2003-08-11T00:00:00.000000Z,3000-01-01T00:00:00.000000Z,CE.57528,77054.5285668184,11592.538228178615,True
78,CE,57600,-121.9378,37.329,2002-03-27T00:00:00.000000Z,3000-01-01T00:00:00.000000Z,CE.57600,106799.31988590673,50867.50308946837,True
79,CE,57604,-121.904,37.354,2002-03-27T00:00:00.000000Z,2006-08-31T00:00:00.000000Z,CE.57604,106294.33691490321,46815.61469189165,True
80,CE,57608,-121.9053,37.3347,2016-04-06T00:00:00.000000Z,3000-01-01T00:00:00.000000Z,CE.57608,107966.84880289348,48159.19133538057,True
81,CE,57651,-121.9633,37.4249,2018-04-14T00:00:00.000000Z,3000-01-01T00:00:00.000000Z,CE.57651,96838.83291897301,46485.92005530979,True
82,CE,57950,-121.9278,37.4682,2004-02-19T00:00:00.000000Z,3000-01-01T00:00:00.000000Z,CE.57950,94771.0388871044,41129.22368805747,True
83,CE,58043,-122.528,37.8218,2012-11-09T00:00:00.000000Z,3000-01-01T00:00:00.000000Z,CE.58043,31919.589943291023,61035.799224916926,True
84,CE,58065,-122.0319,37.2552,2002-06-25T00:00:00.000000Z,2016-06-01T00:00:00.000000Z,CE.58065,108572.46103659019,62425.56167446245,True
85,CE,58086,-122.1726,37.4354,2006-04-14T00:00:00.000000Z,3000-01-01T00:00:00.000000Z,CE.58086,85057.62910668542,60831.002893532,True
86,CE,58127,-122.2564,37.4286,2000-01-26T00:00:00.000000Z,2022-04-21T00:00:00.000000Z,CE.58127,81321.48557382035,67282.79509837214,True
87,CE,58130,-122.4334,37.7401,2000-08-18T00:00:00.000000Z,3000-01-01T00:00:00.000000Z,CE.58130,44155.58476917491,59633.214665772175,True
88,CE,58131,-122.4298,37.7894,2003-05-07T00:00:00.000000Z,3000-01-01T00:00:00.000000Z,CE.58131,39915.878563986,56159.126921607676,True
89,CE,58132,-122.5141,37.7785,2005-05-03T00:00:00.000000Z,3000-01-01T00:00:00.000000Z,CE.58132,36525.18190132955,62875.88099761221,True
90,CE,58133,-122.4093,37.8026,2000-08-24T00:00:00.000000Z,3000-01-01T00:00:00.000000Z,CE.58133,39792.10486142855,53837.14711175487,True
91,CE,58137,-122.2766,37.7897,2005-03-24T00:00:00.000000Z,3000-01-01T00:00:00.000000Z,CE.58137,47814.44295418856,45217.23289064826,True
92,CE,58163,-122.361,37.807,2002-10-31T00:00:00.000000Z,3000-01-01T00:00:00.000000Z,CE.58163,41896.27408288844,50108.22215819299,True
93,CE,58198,-122.4761,37.8072,2002-06-13T00:00:00.000000Z,3000-01-01T00:00:00.000000Z,CE.58198,35919.57117533794,58295.02667903309,True
94,CE,58204,-122.3272,37.8212,2010-09-09T00:00:00.000000Z,3000-01-01T00:00:00.000000Z,CE.58204,42368.241946311624,46773.524854514195,True
95,CE,58209,-122.185,37.8785,2004-08-16T00:00:00.000000Z,3000-01-01T00:00:00.000000Z,CE.58209,44556.47619860892,32905.8768288062,True
96,CE,58211,-122.1615,37.8479,2007-02-01T00:00:00.000000Z,3000-01-01T00:00:00.000000Z,CE.58211,48520.77318677178,33219.24863955196,True
97,CE,58215,-122.317,37.584,2004-06-16T00:00:00.000000Z,3000-01-01T00:00:00.000000Z,CE.58215,64210.453411608454,61501.097174264294,True
98,CE,58219,-122.061,37.6569,2002-06-20T00:00:00.000000Z,3000-01-01T00:00:00.000000Z,CE.58219,70895.75294251266,38444.06107369705,True
99,CE,58222,-122.4579,37.7924,2003-06-16T00:00:00.000000Z,3000-01-01T00:00:00.000000Z,CE.58222,38190.957517795905,57965.21176920502,True
100,CE,58223,-122.398,37.622,1995-05-19T00:00:00.000000Z,2021-12-21T00:00:00.000000Z,CE.58223,56595.555931482755,64812.77075868102,True
101,CE,58226,-122.285,37.456,2004-06-16T00:00:00.000000Z,3000-01-01T00:00:00.000000Z,CE.58226,77373.78296919043,67548.4858111522,True
102,CE,58238,-122.4681,37.7054,2005-07-06T00:00:00.000000Z,3000-01-01T00:00:00.000000Z,CE.58238,45471.134655803224,64372.70377818428,True
103,CE,58267,-122.4808,37.9427,2008-08-26T00:00:00.000000Z,3000-01-01T00:00:00.000000Z,CE.58267,23515.001620016883,49780.0825422747,True
104,CE,58295,-122.228,37.848,2005-09-14T00:00:00.000000Z,2022-04-28T00:00:00.000000Z,CE.58295,45082.22985294968,37956.03301843572,True
105,CE,58306,-122.455,37.763,2005-12-30T00:00:00.000000Z,3000-01-01T00:00:00.000000Z,CE.58306,40980.303681667814,59678.048038317276,True
106,CE,58309,-122.322,37.798,2006-03-09T00:00:00.000000Z,3000-01-01T00:00:00.000000Z,CE.58309,44721.77875673655,47914.5573524617,True
107,CE,58339,-122.0802,37.6971,2007-06-22T00:00:00.000000Z,3000-01-01T00:00:00.000000Z,CE.58339,66285.64685555319,37208.201606630566,True
108,CE,58340,-122.0277,37.7152,2007-06-21T00:00:00.000000Z,3000-01-01T00:00:00.000000Z,CE.58340,67363.02227340304,32277.47563637827,True
109,CE,58346,-122.1259,37.6799,2007-08-29T00:00:00.000000Z,3000-01-01T00:00:00.000000Z,CE.58346,65475.009408561105,41594.33405492451,True
110,CE,58347,-122.1078,37.6747,2007-12-12T00:00:00.000000Z,2022-06-29T00:00:00.000000Z,CE.58347,66877.59896260494,40637.38718952968,True
111,CE,58349,-122.113,37.695,2007-12-13T00:00:00.000000Z,3000-01-01T00:00:00.000000Z,CE.58349,64782.016470448645,39690.688043123555,True
112,CE,58350,-122.0537,37.7029,2007-12-11T00:00:00.000000Z,3000-01-01T00:00:00.000000Z,CE.58350,67130.30982444657,34935.86094889816,True
113,CE,58351,-122.1409,37.7095,2007-08-30T00:00:00.000000Z,3000-01-01T00:00:00.000000Z,CE.58351,62036.76591032919,40743.54018718792,True
114,CE,58352,-122.1401,37.6883,2007-08-30T00:00:00.000000Z,3000-01-01T00:00:00.000000Z,CE.58352,63985.77637886732,42064.06294027641,True
115,CE,58360,-122.0603,37.9036,2008-01-23T00:00:00.000000Z,3000-01-01T00:00:00.000000Z,CE.58360,48717.81725618524,22380.67664816419,True
116,CE,58361,-122.1526,37.8952,2008-01-24T00:00:00.000000Z,2018-01-09T00:00:00.000000Z,CE.58361,44723.371918577504,29509.883445083386,True
117,CE,58362,-122.1706,37.8995,2008-02-05T00:00:00.000000Z,2012-11-15T00:00:00.000000Z,CE.58362,43409.25827791152,30513.745187546,True
118,CE,58368,-122.271,37.9806,2008-02-04T00:00:00.000000Z,3000-01-01T00:00:00.000000Z,CE.58368,30942.254113957406,32388.23121702728,True
119,CE,58369,-122.0168,37.9147,2008-02-06T00:00:00.000000Z,3000-01-01T00:00:00.000000Z,CE.58369,49954.46708294311,18556.378060809395,True
120,CE,58373,-122.342,37.465,2003-06-02T00:00:00.000000Z,3000-01-01T00:00:00.000000Z,CE.58373,73604.70017064935,71044.94828099656,True
121,CE,58374,-122.2685,37.5182,2003-05-29T00:00:00.000000Z,2010-09-02T00:00:00.000000Z,CE.58374,72639.22819425593,62316.385675162404,True
122,CE,58376,-122.1303,37.6233,2003-05-29T00:00:00.000000Z,2019-11-18T00:00:00.000000Z,CE.58376,70341.32287991518,45586.77749413789,True
123,CE,58378,-122.3142,37.4841,2003-06-03T00:00:00.000000Z,3000-01-01T00:00:00.000000Z,CE.58378,73332.49284009804,67809.59675050272,True
124,CE,58388,-122.0517,37.5663,2009-06-03T00:00:00.000000Z,3000-01-01T00:00:00.000000Z,CE.58388,79533.83936041572,43658.55503834065,True
125,CE,58393,-122.0836,37.6566,2003-05-06T00:00:00.000000Z,3000-01-01T00:00:00.000000Z,CE.58393,69756.26079729677,40081.21075372946,True
126,CE,58395,-122.381,37.5925,2010-09-29T00:00:00.000000Z,3000-01-01T00:00:00.000000Z,CE.58395,60126.990988178426,65522.25602097256,True
127,CE,58398,-122.2538,37.762,2008-04-21T00:00:00.000000Z,3000-01-01T00:00:00.000000Z,CE.58398,51482.87430894335,45393.69767393177,True
128,CE,58406,-122.0502,37.626,2008-09-30T00:00:00.000000Z,3000-01-01T00:00:00.000000Z,CE.58406,74235.54474023667,39676.378581050776,True
129,CE,58407,-122.1265,37.6656,2009-06-02T00:00:00.000000Z,3000-01-01T00:00:00.000000Z,CE.58407,66730.95493953805,42566.37570141401,True
130,CE,58408,-122.3422,37.9608,2008-08-20T00:00:00.000000Z,3000-01-01T00:00:00.000000Z,CE.58408,29050.03071842449,38743.77974917248,True
131,CE,58409,-122.0914,37.7095,2008-10-09T00:00:00.000000Z,3000-01-01T00:00:00.000000Z,CE.58409,64591.50552239992,37204.10692851558,True
132,CE,58418,-122.092,37.6252,2008-12-16T00:00:00.000000Z,3000-01-01T00:00:00.000000Z,CE.58418,72149.17578061877,42721.557404955005,True
133,CE,58419,-122.0302,37.6146,2009-01-07T00:00:00.000000Z,3000-01-01T00:00:00.000000Z,CE.58419,76294.50016615767,38983.531812506044,True
134,CE,58420,-122.0257,37.654,2008-12-15T00:00:00.000000Z,3000-01-01T00:00:00.000000Z,CE.58420,72978.1836497735,36104.91866970825,True
135,CE,58421,-122.365,37.948,2009-01-15T00:00:00.000000Z,3000-01-01T00:00:00.000000Z,CE.58421,29023.139565180296,41200.11317951312,True
136,CE,58422,-122.3855,37.9262,2009-01-14T00:00:00.000000Z,3000-01-01T00:00:00.000000Z,CE.58422,29922.60748799891,44080.07550671476,True
137,CE,58423,-122.1747,37.7808,2009-05-12T00:00:00.000000Z,3000-01-01T00:00:00.000000Z,CE.58423,53876.905516272054,38523.714985589795,True
138,CE,58424,-122.1497,37.7451,2009-05-12T00:00:00.000000Z,3000-01-01T00:00:00.000000Z,CE.58424,58379.101256937305,39058.790459204574,True
139,CE,58427,-122.1189,37.643,2013-03-12T00:00:00.000000Z,3000-01-01T00:00:00.000000Z,CE.58427,69157.46878034134,43490.908297611255,True
140,CE,58429,-122.2086,37.9057,2013-03-13T00:00:00.000000Z,3000-01-01T00:00:00.000000Z,CE.58429,40893.40921056781,32819.124285244034,True
141,CE,58438,-122.2996,37.9299,2009-06-30T00:00:00.000000Z,3000-01-01T00:00:00.000000Z,CE.58438,34024.929212814015,37725.572177333124,True
142,CE,58442,-122.1241,37.8563,2010-09-21T00:00:00.000000Z,3000-01-01T00:00:00.000000Z,CE.58442,49692.091711004265,30004.75039644003,True
143,CE,58443,-122.0234,37.8518,2010-10-18T00:00:00.000000Z,3000-01-01T00:00:00.000000Z,CE.58443,55280.93006326772,23107.923444790198,True
144,CE,58446,-122.3378,37.8075,2009-08-26T00:00:00.000000Z,3000-01-01T00:00:00.000000Z,CE.58446,43051.20535251496,48421.93689856419,True
145,CE,58447,-122.0999,37.5251,2011-01-31T00:00:00.000000Z,3000-01-01T00:00:00.000000Z,CE.58447,80751.20079758663,49788.59846078626,True
146,CE,58461,-122.178,37.4243,2010-03-03T00:00:00.000000Z,3000-01-01T00:00:00.000000Z,CE.58461,85776.10236619382,61940.11629275875,True
147,CE,58463,-122.2806,37.8097,2011-02-22T00:00:00.000000Z,3000-01-01T00:00:00.000000Z,CE.58463,45809.954692882195,44200.18676140445,True
148,CE,58467,-122.0609,37.9727,2010-07-26T00:00:00.000000Z,2015-07-15T00:00:00.000000Z,CE.58467,42464.57502346756,17938.280336599848,True
149,CE,58471,-122.2505,37.8761,2002-06-24T00:00:00.000000Z,3000-01-01T00:00:00.000000Z,CE.58471,41394.57122161779,37731.29634953949,True
150,CE,58486,-122.0962,37.6896,2011-06-23T00:00:00.000000Z,3000-01-01T00:00:00.000000Z,CE.58486,66135.19758078814,38839.787938691705,True
151,CE,58487,-122.1074,37.6887,2011-06-06T00:00:00.000000Z,3000-01-01T00:00:00.000000Z,CE.58487,65638.12720560387,39699.391503613726,True
152,CE,58493,-122.0897,37.6976,2012-07-19T00:00:00.000000Z,3000-01-01T00:00:00.000000Z,CE.58493,65750.47270724684,37855.29618053811,True
153,CE,58497,-122.03,37.675,2012-03-20T00:00:00.000000Z,3000-01-01T00:00:00.000000Z,CE.58497,70865.05013687191,35050.29457416113,True
154,CE,58505,-122.3434,37.9355,2005-03-17T00:00:00.000000Z,3000-01-01T00:00:00.000000Z,CE.58505,31261.271902064946,40478.1748743492,True
155,CE,58525,-122.1091,37.5127,2014-04-24T00:00:00.000000Z,3000-01-01T00:00:00.000000Z,CE.58525,81391.29883838973,51253.587226172145,True
156,CE,58526,-122.1289,37.4986,2014-04-11T00:00:00.000000Z,3000-01-01T00:00:00.000000Z,CE.58526,81635.44688846359,53589.20244466749,True
157,CE,58527,-122.3776,37.7374,2019-08-14T00:00:00.000000Z,3000-01-01T00:00:00.000000Z,CE.58527,47288.962189980266,55830.05479570081,True
158,CE,58528,-122.3861,37.7558,2019-08-15T00:00:00.000000Z,3000-01-01T00:00:00.000000Z,CE.58528,45196.17443028382,55236.29618120604,True
159,CE,58531,-122.0531,37.681,2021-12-22T00:00:00.000000Z,3000-01-01T00:00:00.000000Z,CE.58531,69133.29178347465,36314.332067013594,True
160,CE,58539,-122.3901,37.675,2002-12-20T00:00:00.000000Z,3000-01-01T00:00:00.000000Z,CE.58539,52245.629257037224,60791.60379876941,True
161,CE,58556,-122.3696,37.925,2015-09-29T00:00:00.000000Z,3000-01-01T00:00:00.000000Z,CE.58556,30851.714533978433,43027.03215735776,True
162,CE,58557,-122.1162,37.6253,2020-08-20T00:00:00.000000Z,3000-01-01T00:00:00.000000Z,CE.58557,70889.96948424548,44447.54980538334,True
163,CE,58558,-122.3298,37.9783,2004-01-09T00:00:00.000000Z,3000-01-01T00:00:00.000000Z,CE.58558,28117.329809969964,36721.23343920381,True
164,CE,58560,-122.5081,37.5849,2013-08-06T00:00:00.000000Z,3000-01-01T00:00:00.000000Z,CE.58560,54207.06271748607,75097.60847282928,True
165,CE,58565,-122.5243,37.9694,2002-07-24T00:00:00.000000Z,2016-11-22T00:00:00.000000Z,CE.58565,18868.875370282818,51126.47139723107,True
166,CE,58575,-122.4063,37.7545,2015-07-22T00:00:00.000000Z,3000-01-01T00:00:00.000000Z,CE.58575,44266.765773102336,56761.42204481181,True
167,CE,58579,-122.3916,37.765,2015-12-29T00:00:00.000000Z,3000-01-01T00:00:00.000000Z,CE.58579,44085.11426856499,55028.40724163009,True
168,CE,58592,-122.4239,37.6284,2016-03-23T00:00:00.000000Z,3000-01-01T00:00:00.000000Z,CE.58592,54676.84662058301,66244.94478437403,True
169,CE,58605,-122.3625,37.8131,2014-01-23T00:00:00.000000Z,3000-01-01T00:00:00.000000Z,CE.58605,41270.7114745323,49817.42539909456,True
170,CE,58619,-122.2675,37.5302,2004-01-09T00:00:00.000000Z,3000-01-01T00:00:00.000000Z,CE.58619,71612.39306216442,61463.485767854516,True
171,CE,58625,-122.0749,37.3266,2016-09-22T00:00:00.000000Z,3000-01-01T00:00:00.000000Z,CE.58625,99913.97620012416,60884.29171338069,True
172,CE,58626,-122.0352,37.2665,2016-06-01T00:00:00.000000Z,3000-01-01T00:00:00.000000Z,CE.58626,107383.75621609941,61929.819095185005,True
173,CE,58637,-122.051,37.68,1993-07-30T00:00:00.000000Z,3000-01-01T00:00:00.000000Z,CE.58637,69331.66414433536,36228.943820663015,True
174,CE,58642,-122.3741,37.8252,2003-09-11T00:00:00.000000Z,3000-01-01T00:00:00.000000Z,CE.58642,39583.804033459935,49855.05658752626,True
175,CE,58653,-122.09,37.67,2010-12-21T00:00:00.000000Z,3000-01-01T00:00:00.000000Z,CE.58653,68219.5774974574,39669.07482894927,True
176,CE,58662,-122.396,37.639,1994-03-10T00:00:00.000000Z,3000-01-01T00:00:00.000000Z,CE.58662,55172.67614263412,63561.01149970754,True
177,CE,58663,-122.075,37.5362,2003-05-27T00:00:00.000000Z,3000-01-01T00:00:00.000000Z,CE.58663,81039.71396862442,47282.72216015206,True
178,CE,58664,-122.136,37.492,2003-06-05T00:00:00.000000Z,3000-01-01T00:00:00.000000Z,CE.58664,81861.75175522982,54527.12858863008,True
179,CE,58665,-122.03,37.5349,2002-09-04T00:00:00.000000Z,3000-01-01T00:00:00.000000Z,CE.58665,83482.63193737468,44140.403365851176,True
180,CE,58667,-122.036,37.973,2005-09-26T00:00:00.000000Z,3000-01-01T00:00:00.000000Z,CE.58667,43716.73777157679,16143.668542524974,True
181,CE,58670,-122.2169,37.762,2018-12-13T00:00:00.000000Z,3000-01-01T00:00:00.000000Z,CE.58670,53389.26610293995,42759.52666912926,True
182,CE,58694,-122.2285,37.8468,2022-04-28T00:00:00.000000Z,3000-01-01T00:00:00.000000Z,CE.58694,45164.34385976459,38069.77091560593,True
183,CE,58716,-122.4751,37.806,2006-03-30T00:00:00.000000Z,3000-01-01T00:00:00.000000Z,CE.58716,36079.086554750014,58302.184166535415,True
184,CE,58721,-122.3972,37.622,2021-12-21T00:00:00.000000Z,3000-01-01T00:00:00.000000Z,CE.58721,56637.06440752829,64755.627723302576,True
185,CE,58723,-122.1112,37.6768,2022-09-14T00:00:00.000000Z,3000-01-01T00:00:00.000000Z,CE.58723,66513.0427618792,40744.21026835799,True
186,CE,58790,-122.2354,37.8206,2003-04-22T00:00:00.000000Z,3000-01-01T00:00:00.000000Z,CE.58790,47164.252930448565,40266.792955362806,True
187,CE,58798,-122.1541,37.6169,1999-07-21T00:00:00.000000Z,3000-01-01T00:00:00.000000Z,CE.58798,69686.8993814546,47706.16543806463,True
188,CE,58905,-122.5354,37.948,2004-01-08T00:00:00.000000Z,3000-01-01T00:00:00.000000Z,CE.58905,20214.417007934735,53313.60332797873,True
189,CE,58932,-122.3206,37.8213,2003-05-22T00:00:00.000000Z,2010-08-24T00:00:00.000000Z,CE.58932,42700.40049649375,46296.555373604075,True
190,CE,58961,-122.3892,37.7867,2003-02-05T00:00:00.000000Z,3000-01-01T00:00:00.000000Z,CE.58961,42260.46888811078,53441.94689082259,True
192,CE,58968,-122.2639,37.5727,2003-05-22T00:00:00.000000Z,3000-01-01T00:00:00.000000Z,CE.58968,67978.5342456697,58438.80832029545,True
198,CE,67587,-121.8986,38.039,2002-06-19T00:00:00.000000Z,3000-01-01T00:00:00.000000Z,CE.67587,44815.860527425044,2068.2736631518783,True
201,CE,68206,-122.225,38.054,2008-09-25T00:00:00.000000Z,3000-01-01T00:00:00.000000Z,CE.68206,26710.898382864245,24338.583105678925,True
202,CE,68259,-122.2264,38.0548,2008-09-25T00:00:00.000000Z,3000-01-01T00:00:00.000000Z,CE.68259,26566.921962455745,24386.08861440046,True
203,CE,68285,-122.5015,38.1184,2010-08-24T00:00:00.000000Z,3000-01-01T00:00:00.000000Z,CE.68285,6677.206172967639,39772.738221099506,True
204,CE,68294,-122.2493,38.1246,2009-07-22T00:00:00.000000Z,3000-01-01T00:00:00.000000Z,CE.68294,19112.17825345108,21471.264243285277,True
205,CE,68310,-122.2751,38.1216,2006-01-24T00:00:00.000000Z,3000-01-01T00:00:00.000000Z,CE.68310,18055.085079859484,23499.048498454147,True
206,CE,68321,-122.1277,38.0508,2007-06-29T00:00:00.000000Z,3000-01-01T00:00:00.000000Z,CE.68321,32001.276795026166,17624.46648266956,True
207,CE,68323,-122.117,38.0334,2007-06-29T00:00:00.000000Z,3000-01-01T00:00:00.000000Z,CE.68323,34117.178857960316,17993.231122293986,True
208,CE,68367,-122.262,38.0043,2008-02-07T00:00:00.000000Z,3000-01-01T00:00:00.000000Z,CE.68367,29275.237351320542,30204.8959490167,True
209,CE,68433,-122.5593,38.0981,2009-03-19T00:00:00.000000Z,3000-01-01T00:00:00.000000Z,CE.68433,5513.655443681331,45196.95577079021,True
211,CE,68586,-122.2482,38.1715,2015-10-22T00:00:00.000000Z,3000-01-01T00:00:00.000000Z,CE.68586,14951.414872519546,18340.564503861653,True
212,CE,68607,-122.2383,38.0924,2016-06-27T00:00:00.000000Z,3000-01-01T00:00:00.000000Z,CE.68607,22573.383885738436,22785.36624959822,True
213,CE,68616,-122.068,38.2457,2016-03-29T00:00:00.000000Z,3000-01-01T00:00:00.000000Z,CE.68616,17516.3842483471,722.8115690633658,True
214,CE,68674,-122.0647,38.019,2019-05-21T00:00:00.000000Z,3000-01-01T00:00:00.000000Z,CE.68674,38100.09709356044,15203.728017970387,True
215,CE,68720,-122.0258,38.0561,2021-05-25T00:00:00.000000Z,3000-01-01T00:00:00.000000Z,CE.68720,36755.270955666456,10025.315207561172,True
216,GM,AC06,-122.172687,37.428234,2017-10-05T22:00:00.000000Z,2017-10-13T19:00:00.000000Z,GM.AC06,85697.73619043002,61303.173015951375,True
217,GM,AC07,-122.175692,37.428138,2017-10-05T22:00:00.000000Z,2017-10-13T19:00:00.000000Z,GM.AC07,85550.55230696742,61524.98573908311,True
218,GM,AC08,-122.173915,37.427064,2017-10-05T22:00:00.000000Z,2017-10-13T19:00:00.000000Z,GM.AC08,85739.30732069645,61467.34119549456,True
219,GS,CN01,-122.031174,38.004971,2017-05-01T00:00:00.000000Z,2019-04-26T00:00:00.000000Z,GS.CN01,41084.92691809907,13725.299555175625,True
220,GS,CN11,-121.965118,37.972717,2017-03-23T00:00:00.000000Z,2019-04-14T00:00:00.000000Z,GS.CN11,47381.05912193773,11106.851116951106,True
221,GS,DV01,-121.949173,37.835522,2016-02-24T00:00:00.000000Z,3000-01-01T00:00:00.000000Z,GS.DV01,60564.14833983519,18859.89132633774,True
222,GS,LV1A,-121.714012,37.728958,2013-09-06T00:00:00.000000Z,3000-01-01T00:00:00.000000Z,GS.LV1A,82251.27596736341,8917.337387214458,True
223,GS,LV1C,-121.743851,37.707863,2013-09-08T00:00:00.000000Z,3000-01-01T00:00:00.000000Z,GS.LV1C,82624.61732898963,12419.884062874728,True
224,GS,LV1H,-121.793945,37.658939,2013-09-08T00:00:00.000000Z,3000-01-01T00:00:00.000000Z,GS.LV1H,84466.74427152015,19175.030697659564,True
225,GS,MR01,-122.078003,38.005661,2017-03-20T00:00:00.000000Z,3000-01-01T00:00:00.000000Z,GS.MR01,38617.92205046362,17017.381237413112,True
226,GS,PH05,-122.078102,37.967964,2017-05-08T00:00:00.000000Z,2019-04-29T00:00:00.000000Z,GS.PH05,42007.00435736945,19471.909081281385,True
227,GS,SR1B,-121.932907,37.769348,2013-08-16T00:00:00.000000Z,3000-01-01T00:00:00.000000Z,GS.SR1B,67364.70629315851,21984.46209538408,True
228,GS,SR1C,-121.95546,37.751816,2013-08-19T00:00:00.000000Z,3000-01-01T00:00:00.000000Z,GS.SR1C,67784.56364392984,24734.247377091335,True
229,GS,WC01,-122.084167,37.886761,2017-03-13T00:00:00.000000Z,2019-04-22T00:00:00.000000Z,GS.WC01,49006.13325878809,25176.81658879568,True
230,GS,WC10,-122.001625,37.908352,2017-05-13T00:00:00.000000Z,2019-04-30T00:00:00.000000Z,GS.WC10,51306.11980299672,17885.04402419178,True
231,NC,C001,-121.933762,37.5215,2009-01-14T00:00:00.000000Z,3000-01-01T00:00:00.000000Z,NC.C001,89659.43412399582,38104.03512200723,True
232,NC,C002,-122.034508,37.558453,2009-03-09T23:45:00.000000Z,3000-01-01T00:00:00.000000Z,NC.C002,81128.60270585571,42935.396852001846,True
233,NC,C003,-122.083969,37.707207,2009-03-16T18:45:00.000000Z,3000-01-01T00:00:00.000000Z,NC.C003,65181.29650773141,36821.535556530005,True
234,NC,C004,-122.217949,37.844063,2009-03-31T19:00:00.000000Z,2016-03-09T20:50:00.000000Z,NC.C004,45954.86868532057,37495.41863290146,True
235,NC,C005,-122.236076,37.810753,2009-04-06T22:30:00.000000Z,3000-01-01T00:00:00.000000Z,NC.C005,48014.80857706252,40955.82585025359,True
236,NC,C006,-122.058243,37.591782,2009-04-09T19:00:00.000000Z,3000-01-01T00:00:00.000000Z,NC.C006,76901.37619721502,42473.4806914908,True
237,NC,C007,-122.262802,37.895573,2009-04-23T19:30:00.000000Z,3000-01-01T00:00:00.000000Z,NC.C007,39009.101933955215,37340.27886002282,True
238,NC,C008,-122.293594,37.895649,2009-05-01T01:30:00.000000Z,2009-06-03T21:45:00.000000Z,NC.C008,37413.36231329376,39528.81121948477,True
240,NC,C009,-122.184097,37.804863,2009-05-13T17:30:00.000000Z,2012-07-02T22:00:00.000000Z,NC.C009,51227.302124858244,37629.90386010437,True
241,NC,C010,-122.009933,37.944004,2009-05-14T21:48:00.000000Z,3000-01-01T00:00:00.000000Z,NC.C010,47667.49512247248,16165.63905196006,True
242,NC,C011,-122.292381,37.906418,2009-05-18T21:58:00.000000Z,3000-01-01T00:00:00.000000Z,NC.C011,36508.013735886954,38741.023440666315,True
243,NC,C012,-122.312477,37.926361,2009-05-28T16:20:00.000000Z,3000-01-01T00:00:00.000000Z,NC.C012,33678.55034553581,38872.81038417015,True
244,NC,C013,-122.188614,37.82383,2009-06-03T18:22:00.000000Z,2019-07-11T18:45:00.000000Z,NC.C013,49288.07143330832,36718.83992584712,True
245,NC,C014,-122.059998,37.682693,2009-06-22T21:57:00.000000Z,2011-02-18T01:30:00.000000Z,NC.C014,68625.00916959264,36698.08898407282,True
246,NC,C015,-121.993729,37.559444,2009-06-23T22:41:00.000000Z,3000-01-01T00:00:00.000000Z,NC.C015,83145.18895264447,39947.099997329475,True
247,NC,C016,-121.867027,37.396355,2009-06-24T17:12:00.000000Z,3000-01-01T00:00:00.000000Z,NC.C016,104386.30624960295,41412.94621608955,True
248,NC,C017,-121.926201,37.506489,2009-07-01T21:59:00.000000Z,3000-01-01T00:00:00.000000Z,NC.C017,91402.58143800951,38533.75345351633,True
249,NC,C018,-122.117378,37.979298,2009-07-07T18:43:00.000000Z,3000-01-01T00:00:00.000000Z,NC.C018,38967.51770880881,21534.73406687975,True
250,NC,C019,-122.013863,37.98365,2009-07-07T20:58:00.000000Z,2011-03-23T18:30:00.000000Z,NC.C019,43894.18798117184,13874.414586752768,True
251,NC,C020,-122.20752,37.800846,2009-07-08T18:54:00.000000Z,2019-04-24T21:40:00.000000Z,NC.C020,50379.88575575838,39562.86477486942,True
252,NC,C021,-122.063759,37.695004,2009-07-14T17:09:00.000000Z,3000-01-01T00:00:00.000000Z,NC.C021,67322.50204256894,36168.06664832996,True
253,NC,C022,-121.974953,37.536137,2009-07-21T18:58:00.000000Z,2012-07-25T19:15:00.000000Z,NC.C022,86214.29457720113,40111.50493622717,True
254,NC,C023,-121.954002,37.510437,2009-08-11T21:39:00.000000Z,2011-06-29T17:50:00.000000Z,NC.C023,89611.66849162563,40273.86103640984,True
255,NC,C024,-122.335838,37.94334,2009-08-25T21:10:00.000000Z,3000-01-01T00:00:00.000000Z,NC.C024,30947.166517643727,39429.09535805786,True
256,NC,C025,-121.900459,37.643719,2009-09-16T21:35:00.000000Z,2013-04-02T22:45:00.000000Z,NC.C025,80359.35988836629,27798.10036600126,True
257,NC,C026,-122.051353,37.870518,2009-09-21T18:24:00.000000Z,3000-01-01T00:00:00.000000Z,NC.C026,52157.11405805542,23889.314030517155,True
258,NC,C027,-121.979668,37.79351,2009-09-21T22:02:00.000000Z,3000-01-01T00:00:00.000000Z,NC.C027,62781.89957411164,23763.10987282291,True
259,NC,C028,-122.24588,37.850948,2009-09-29T18:59:00.000000Z,3000-01-01T00:00:00.000000Z,NC.C028,43894.48061059095,39039.07146038907,True
260,NC,C029,-121.971252,37.788818,2009-09-30T18:52:00.000000Z,3000-01-01T00:00:00.000000Z,NC.C029,63637.65141063466,23465.496995071408,True
261,NC,C031,-122.276932,37.86322,2009-10-20T21:24:00.000000Z,3000-01-01T00:00:00.000000Z,NC.C031,41188.39802881602,40453.591116235126,True
262,NC,C032,-122.157593,38.082508,2009-11-24T21:11:00.000000Z,2017-02-10T23:30:00.000000Z,NC.C032,27611.91246266292,17690.71648847093,True
263,NC,C033,-122.289543,37.846699,2009-12-09T19:36:00.000000Z,3000-01-01T00:00:00.000000Z,NC.C033,42022.2933917671,42428.27395777046,True
264,NC,C034,-121.963318,37.5728,2010-03-15T22:06:00.000000Z,3000-01-01T00:00:00.000000Z,NC.C034,83511.34201096876,36900.16985657193,True
265,NC,C035,-122.026917,37.969803,2010-04-08T00:31:00.000000Z,3000-01-01T00:00:00.000000Z,NC.C035,44471.20548635409,15703.456627837953,True
266,NC,C036,-121.793114,37.380238,2010-04-21T18:57:00.000000Z,2014-03-25T23:59:00.000000Z,NC.C036,109655.58854824843,37136.22495996668,True
267,NC,C037,-121.88485,37.355148,2010-04-29T16:19:00.000000Z,2010-08-18T00:00:00.000000Z,NC.C037,107180.80348402113,45363.15300848112,True
268,NC,C038,-122.176537,37.720459,2010-05-04T17:53:00.000000Z,3000-01-01T00:00:00.000000Z,NC.C038,59210.48207550888,42578.29803443231,True
269,NC,C039,-121.911598,37.467072,2010-05-12T18:08:00.000000Z,3000-01-01T00:00:00.000000Z,NC.C039,95709.29054414658,40038.284895330085,True
270,NC,C040,-122.314095,37.989658,2010-07-06T18:51:00.000000Z,2019-04-17T19:00:00.000000Z,NC.C040,27906.58183652099,34864.128394910265,True
271,NC,C041,-121.826088,37.375698,2010-07-08T18:18:00.000000Z,3000-01-01T00:00:00.000000Z,NC.C041,108363.1958742324,39803.66784954102,True
272,NC,C042,-122.127678,37.822262,2010-07-13T17:03:00.000000Z,3000-01-01T00:00:00.000000Z,NC.C042,52571.146177472525,32471.63939715271,True
273,NC,C043,-122.24855,37.868481,2010-07-13T21:00:00.000000Z,2016-06-01T22:00:00.000000Z,NC.C043,42180.23133418848,38088.22996297296,True
274,NC,C044,-122.231194,37.730778,2010-08-03T16:28:00.000000Z,3000-01-01T00:00:00.000000Z,NC.C044,55458.47914555919,45811.72098236378,True
275,NC,C045,-121.96196,37.749619,2010-08-11T22:14:00.000000Z,3000-01-01T00:00:00.000000Z,NC.C045,67648.03812923863,25341.740017822787,True
276,NC,C046,-121.882538,37.35363,2010-08-18T00:01:00.000000Z,3000-01-01T00:00:00.000000Z,NC.C046,107437.16176932088,45295.04411784774,True
277,NC,C047,-122.020287,37.829147,2010-08-23T18:15:00.000000Z,3000-01-01T00:00:00.000000Z,NC.C047,57481.525953828204,24355.11426010439,True
278,NC,C048,-121.991661,37.575089,2010-08-25T17:51:00.000000Z,3000-01-01T00:00:00.000000Z,NC.C048,81842.53393879361,38784.25871700497,True
279,NC,C049,-122.278458,37.7766,2010-08-30T20:31:00.000000Z,3000-01-01T00:00:00.000000Z,NC.C049,48895.99046341477,46202.81797589893,True
280,NC,C050,-121.925606,37.523972,2010-09-13T17:40:00.000000Z,3000-01-01T00:00:00.000000Z,NC.C050,89857.50714610191,37358.390284706395,True
281,NC,C051,-122.238609,37.746651,2010-09-23T16:51:00.000000Z,3000-01-01T00:00:00.000000Z,NC.C051,53647.96868749336,45308.26266861133,True
282,NC,C052,-121.806625,37.296249,2010-11-09T18:49:00.000000Z,2014-06-25T23:59:00.000000Z,NC.C052,116535.02683653816,43540.97161152422,True
283,NC,C053,-121.873352,37.68539,2010-11-30T19:45:00.000000Z,2016-06-04T01:15:00.000000Z,NC.C053,77997.31620917922,23157.128602987694,True
284,NC,C054,-121.824417,37.271191,2011-03-10T17:50:00.000000Z,3000-01-01T00:00:00.000000Z,NC.C054,117875.72896652156,46444.21142051781,True
285,NC,C055,-122.110352,37.657448,2011-03-28T16:57:00.000000Z,3000-01-01T00:00:00.000000Z,NC.C055,68298.62693634121,41940.624513883515,True
286,NC,C056,-122.126358,37.636311,2011-04-20T18:04:00.000000Z,3000-01-01T00:00:00.000000Z,NC.C056,69374.1387058827,44459.23717704396,True
288,NC,C058,-122.225761,37.75642,2012-02-16T18:50:00.000000Z,3000-01-01T00:00:00.000000Z,NC.C058,53433.35900361214,43755.230794767194,True
289,NC,C059,-121.772369,37.342571,2012-03-01T00:30:00.000000Z,3000-01-01T00:00:00.000000Z,NC.C059,114124.77953176587,38077.42753233411,True
290,NC,C060,-122.027122,37.58482,2012-03-08T18:38:00.000000Z,3000-01-01T00:00:00.000000Z,NC.C060,79135.4420107893,40695.15105942439,True
291,NC,C061,-122.209702,37.777912,2012-04-12T20:31:00.000000Z,3000-01-01T00:00:00.000000Z,NC.C061,52329.920875017066,41210.48602642036,True
292,NC,C062,-121.903427,37.66753,2012-04-27T17:17:00.000000Z,3000-01-01T00:00:00.000000Z,NC.C062,78059.89713649421,26468.809521263025,True
293,NC,C063,-122.189087,37.765137,2012-05-17T17:45:00.000000Z,2018-10-29T19:15:00.000000Z,NC.C063,54543.328071675445,40569.534855976504,True
294,NC,C064,-122.18457,37.805119,2012-07-02T22:34:00.000000Z,3000-01-01T00:00:00.000000Z,NC.C064,51179.868706528134,37647.01687400889,True
295,NC,C065,-122.275887,37.96294,2012-08-24T20:48:00.000000Z,2013-01-15T21:00:00.000000Z,NC.C065,32277.971615863673,33885.89235392286,True
296,NC,C066,-122.285843,37.913239,2012-11-26T21:36:00.000000Z,3000-01-01T00:00:00.000000Z,NC.C066,36232.25905286717,37831.182474913825,True
297,NC,C067,-122.289551,37.976093,2013-02-13T20:50:00.000000Z,3000-01-01T00:00:00.000000Z,NC.C067,30391.210500797948,34001.71660560238,True
298,NC,C068,-122.074051,37.644638,2013-02-28T18:40:00.000000Z,3000-01-01T00:00:00.000000Z,NC.C068,71326.13832347603,40174.366292016726,True
299,NC,C069,-121.896057,37.647751,2013-04-18T17:55:00.000000Z,3000-01-01T00:00:00.000000Z,NC.C069,80222.51971989924,27221.430411787565,True
300,NC,C070,-122.131828,37.702782,2013-04-23T17:56:00.000000Z,3000-01-01T00:00:00.000000Z,NC.C070,63109.68628038356,40531.4883314502,True
301,NC,C071,-122.133217,37.682144,2013-04-29T17:54:00.000000Z,3000-01-01T00:00:00.000000Z,NC.C071,64895.20644618714,41971.86152320187,True
303,NC,C073,-122.05423,37.655788,2013-08-13T21:11:00.000000Z,3000-01-01T00:00:00.000000Z,NC.C073,71345.24248880174,38031.594813664735,True
305,NC,CAG,-122.422661,37.857269,2002-03-15T12:00:00.000000Z,3000-01-01T00:00:00.000000Z,NC.CAG,34191.69131523155,51221.637548099476,True
306,NC,CAI,-122.430031,37.861324,1984-01-01T00:00:00.000000Z,2002-02-10T23:59:00.000000Z,NC.CAI,33446.28551012127,51481.660394672865,True
307,NC,CAL,-121.800369,37.450348,1984-01-01T00:00:00.000000Z,3000-01-01T00:00:00.000000Z,NC.CAL,102956.06024176872,33124.63878715969,True
308,NC,CAP,-121.78951,37.53291,2019-08-30T00:00:00.000000Z,3000-01-01T00:00:00.000000Z,NC.CAP,96066.48699913558,27005.331917992753,True
309,NC,CBK,-122.248001,37.875999,1984-01-01T00:00:00.000000Z,1987-05-08T20:30:00.000000Z,NC.CBK,41532.5843695316,37559.76615801125,True
310,NC,CBP,-121.708427,37.747665,2001-09-26T22:25:00.000000Z,3000-01-01T00:00:00.000000Z,NC.CBP,80848.60284161857,7308.783851026827,True
311,NC,CBR,-122.063019,37.816471,1984-01-01T00:00:00.000000Z,3000-01-01T00:00:00.000000Z,NC.CBR,56423.51599777612,28230.365696099376,True
314,NC,CBW,-122.107628,37.924091,1984-01-01T00:00:00.000000Z,2009-09-15T21:00:00.000000Z,NC.CBW,44438.3481392518,24425.945972292797,True
315,NC,CBZ,-121.717201,37.691116,2004-04-14T16:12:00.000000Z,3000-01-01T00:00:00.000000Z,NC.CBZ,85504.33400084294,11590.052722247397,True
316,NC,CCH1,-122.096573,37.743317,1995-05-04T00:00:00.000000Z,2016-06-19T00:00:00.000000Z,NC.CCH1,61280.47761666798,35377.81556346055,True
319,NC,CCY,-122.091019,37.551552,1984-01-01T00:00:00.000000Z,2004-04-21T18:19:00.000000Z,NC.CCY,78829.46702372325,47434.08989678826,True
320,NC,CDA,-121.730278,37.730431,1984-01-01T00:00:00.000000Z,2003-04-28T22:45:00.000000Z,NC.CDA,81283.86669842803,9988.59739630975,True
321,NC,CDO,-121.836304,37.730057,1984-01-01T00:00:00.000000Z,2001-06-01T00:00:00.000000Z,NC.CDO,75873.69203525505,17611.880744876238,True
322,NC,CDOB,-121.833458,37.729401,2000-09-13T16:15:00.000000Z,3000-01-01T00:00:00.000000Z,NC.CDOB,76079.10640841562,17450.424788424098,True
323,NC,CDU,-122.001648,38.029896,1984-01-01T00:00:00.000000Z,2000-12-19T20:15:00.000000Z,NC.CDU,40354.786725628044,10004.311042279287,True
324,NC,CDV,-121.679253,37.566502,1984-01-01T00:00:00.000000Z,2010-11-14T23:59:00.000000Z,NC.CDV,98705.4034862179,16910.88388705162,True
325,NC,CGP,-122.011276,37.645393,1992-01-31T00:00:00.000000Z,2000-05-23T23:05:00.000000Z,NC.CGP,74497.40598776082,35630.28762844596,True
327,NC,CGP1,-122.011276,37.645447,1995-06-01T00:00:00.000000Z,3000-01-01T00:00:00.000000Z,NC.CGP1,74492.54189862538,35626.78492677567,True
328,NC,CHR,-121.768867,37.372883,2004-09-01T00:00:00.000000Z,3000-01-01T00:00:00.000000Z,NC.CHR,111570.23441289121,35865.76236647161,True
329,NC,CLC,-122.065041,37.738075,1984-01-01T00:00:00.000000Z,2004-12-15T19:34:00.000000Z,NC.CLC,63378.268906938574,33463.829771699,True
330,NC,CLCB,-122.064865,37.737865,2004-09-21T19:00:00.000000Z,3000-01-01T00:00:00.000000Z,NC.CLCB,63406.25058517414,33464.87692046591,True
331,NC,CMC,-122.176804,37.781101,1984-01-01T00:00:00.000000Z,3000-01-01T00:00:00.000000Z,NC.CMC,53741.24913331984,38654.37426504165,True
332,NC,CMH,-121.757553,37.359077,1984-01-01T00:00:00.000000Z,2002-03-20T23:59:00.000000Z,NC.CMH,113399.78543867811,35943.18332474393,True
333,NC,CMI,-121.892403,37.544849,1996-03-01T00:00:00.000000Z,1996-03-08T23:59:00.000000Z,NC.CMI,89688.13797743156,33622.671793135814,True
334,NC,CMJ,-121.873314,37.520237,1984-01-01T00:00:00.000000Z,2017-05-05T21:13:00.000000Z,NC.CMJ,92891.4759509456,33845.515974822156,True
335,NC,CMK,-121.866508,37.484867,1989-10-20T00:00:00.000000Z,1996-04-19T23:59:00.000000Z,NC.CMK,96431.8354532733,35646.18068445937,True
336,NC,CML,-121.652977,37.477551,1984-01-01T00:00:00.000000Z,2016-11-07T18:50:00.000000Z,NC.CML,108089.86454278328,20761.606301679843,True
338,NC,CMLP,-121.834084,37.449055,2015-07-10T00:14:00.000000Z,3000-01-01T00:00:00.000000Z,NC.CMLP,101334.01781522157,35633.00173624215,True
339,NC,CMN,-121.707169,37.627934,1984-01-01T00:00:00.000000Z,2004-04-13T18:27:00.000000Z,NC.CMN,91724.0072156977,14950.32070915783,True
340,NC,CMO,-121.803665,37.811035,1984-01-01T00:00:00.000000Z,2005-04-28T20:55:00.000000Z,NC.CMO,70244.04907282414,10036.720056026541,True
341,NC,CMOB,-121.802719,37.810417,2005-04-26T23:00:00.000000Z,3000-01-01T00:00:00.000000Z,NC.CMOB,70348.34313237148,10008.964348056314,True
342,NC,CMR,-121.637978,37.594978,1984-01-01T00:00:00.000000Z,2004-03-11T20:30:00.000000Z,NC.CMR,98253.09947120007,12106.236317752271,True
343,NC,CMW,-121.887344,37.540531,2012-01-11T21:17:00.000000Z,2016-04-19T20:56:00.000000Z,NC.CMW,90338.27852554763,33539.08362024157,True
345,NC,CMW1,-121.887581,37.540257,2000-09-24T15:00:00.000000Z,3000-01-01T00:00:00.000000Z,NC.CMW1,90350.76299504313,33573.839757284775,True
346,NC,CNI,-121.964561,37.607948,1993-03-08T00:00:00.000000Z,2011-06-07T20:25:00.000000Z,NC.CNI,80280.12695247759,34710.98201686516,True
348,NC,CPI,-122.215607,37.988903,1991-10-10T17:30:00.000000Z,3000-01-01T00:00:00.000000Z,NC.CPI,33049.03032075815,27905.548480277943,True
349,NC,CPL,-121.960663,37.637501,1984-01-01T00:00:00.000000Z,1993-03-04T23:00:00.000000Z,NC.CPL,77818.0898100464,32516.00705265795,True
350,NC,CPM,-122.408508,37.949062,1991-09-04T00:00:00.000000Z,1996-07-21T19:02:00.000000Z,NC.CPM,26680.740046186205,44225.296118823404,True
352,NC,CPP,-121.684364,37.700932,2004-04-14T16:12:00.000000Z,3000-01-01T00:00:00.000000Z,NC.CPP,86302.71864650807,8600.122200989295,True
353,NC,CRA,-121.9375,37.767166,1984-01-01T00:00:00.000000Z,1988-03-28T23:59:00.000000Z,NC.CRA,67325.14569458542,22454.465384422507,True
354,NC,CRH,-121.992638,37.858841,2000-09-20T00:00:00.000000Z,3000-01-01T00:00:00.000000Z,NC.CRH,56228.60869931389,20454.043860330356,True
355,NC,CRP,-121.906494,37.912663,1984-01-01T00:00:00.000000Z,2001-06-12T20:55:00.000000Z,NC.CRP,55802.159678404656,10812.922032629773,True
356,NC,CRPB,-121.907158,37.912331,2001-06-05T23:00:00.000000Z,3000-01-01T00:00:00.000000Z,NC.CRPB,55798.023283775365,10881.851842731714,True
357,NC,CSA,-121.702896,37.672398,1984-01-01T00:00:00.000000Z,3000-01-01T00:00:00.000000Z,NC.CSA,87928.58550773375,11772.309044671536,True
358,NC,CSC,-121.772499,37.285168,1984-01-01T00:00:00.000000Z,1991-12-24T18:00:00.000000Z,NC.CSC,119297.75104951054,41797.548910257174,True
359,NC,CSH,-122.042831,37.647999,1984-01-01T00:00:00.000000Z,1992-01-31T17:15:00.000000Z,NC.CSH,72634.83431147395,37720.97379474501,True
360,NC,CSL,-122.119293,37.724159,1991-08-08T23:40:00.000000Z,3000-01-01T00:00:00.000000Z,NC.CSL,61832.8192973984,38246.383345581184,True
361,NC,CSP,-122.31147,37.957115,1984-01-01T00:00:00.000000Z,2013-06-12T21:00:00.000000Z,NC.CSP,30966.625688381624,36797.54745397977,True
362,NC,CSPB,-122.311302,37.957161,2013-06-13T20:13:00.000000Z,3000-01-01T00:00:00.000000Z,NC.CSPB,30971.15751326239,36782.59611609622,True
363,NC,CSU,-121.940201,37.643032,2021-07-07T23:00:00.000000Z,3000-01-01T00:00:00.000000Z,NC.CSU,78374.15892515695,30691.190666463546,True
364,NC,CSU1,-121.940201,37.643032,1992-09-12T00:00:00.000000Z,3000-01-01T00:00:00.000000Z,NC.CSU1,78374.15892515695,30691.190666463546,True
365,NC,CSV,-122.006279,37.865318,1990-05-03T19:42:00.000000Z,2002-01-30T20:30:00.000000Z,NC.CSV,54943.74750545803,21008.30410395701,True
366,NC,CTA,-122.015991,38.026909,2000-10-04T20:30:00.000000Z,3000-01-01T00:00:00.000000Z,NC.CTA,39888.04058736937,11220.127419458813,True
367,NC,CTH,-121.655746,37.668018,2004-04-14T16:12:00.000000Z,2009-01-30T01:17:00.000000Z,NC.CTH,90743.36389205752,8670.215463724162,True
368,NC,CUSLD,-122.092201,37.764759,2013-11-21T21:11:00.000000Z,3000-01-01T00:00:00.000000Z,NC.CUSLD,59575.704891945024,33672.83435238018,True
369,NC,CVA,-121.759895,37.618168,1984-01-01T00:00:00.000000Z,2004-03-11T22:00:00.000000Z,NC.CVA,89896.36009352648,19367.06533742662,True
370,NC,CVL,-121.836411,37.623592,1984-01-01T00:00:00.000000Z,2008-04-15T23:59:00.000000Z,NC.CVL,85471.42229699428,24507.677676561223,True
372,NC,CVP,-122.223228,37.884003,1991-04-26T17:00:00.000000Z,2020-07-28T22:43:00.000000Z,NC.CVP,42090.63873714791,35273.224434513635,True
373,NC,CYB,-122.361801,37.807873,1992-06-04T21:40:00.000000Z,3000-01-01T00:00:00.000000Z,NC.CYB,41776.41754925095,50108.39501977193,True
374,NC,CYD,-122.09655,37.562767,2012-02-17T00:00:00.000000Z,3000-01-01T00:00:00.000000Z,NC.CYD,77533.98916592887,47102.10009412547,True
375,NC,CYD1,-122.096695,37.562893,2003-02-03T00:00:00.000000Z,3000-01-01T00:00:00.000000Z,NC.CYD1,77515.15106090484,47104.30662849417,True
376,NC,J001,-122.392273,37.592735,2009-04-23T23:15:00.000000Z,3000-01-01T00:00:00.000000Z,NC.J001,59520.83795313723,66312.5287668641,True
377,NC,J002,-122.153587,37.367748,2009-01-29T23:00:00.000000Z,3000-01-01T00:00:00.000000Z,NC.J002,92129.75642814898,63864.56459577424,True
378,NC,J003,-122.13472,37.436401,2009-02-10T00:00:00.000000Z,3000-01-01T00:00:00.000000Z,NC.J003,86930.98490144694,58048.3648862591,True
379,NC,J004,-122.036446,37.317459,2009-02-18T20:00:00.000000Z,3000-01-01T00:00:00.000000Z,NC.J004,102730.41291039324,58712.64122947387,True
380,NC,J005,-121.960457,37.296062,2009-02-18T20:00:00.000000Z,3000-01-01T00:00:00.000000Z,NC.J005,108594.49175716793,54632.91288937635,True
381,NC,J006,-122.101967,37.356853,2009-03-03T00:00:00.000000Z,3000-01-01T00:00:00.000000Z,NC.J006,95787.41661523891,60864.86238307268,True
382,NC,J007,-122.244667,37.492363,2009-02-27T00:30:00.000000Z,3000-01-01T00:00:00.000000Z,NC.J007,76197.95232719427,62291.449527597775,True
383,NC,J008,-122.188164,37.475922,2009-03-17T01:15:00.000000Z,3000-01-01T00:00:00.000000Z,NC.J008,80605.84873767201,59312.058622088356,True
384,NC,J009,-122.511726,37.519733,2009-03-18T18:50:00.000000Z,3000-01-01T00:00:00.000000Z,NC.J009,59865.25132834722,79614.4602237049,True
385,NC,J010,-122.436234,37.457958,2009-03-25T18:10:00.000000Z,3000-01-01T00:00:00.000000Z,NC.J010,69337.61662119764,78250.02712270556,True
386,NC,J011,-122.213707,37.369469,2009-04-13T23:15:00.000000Z,3000-01-01T00:00:00.000000Z,NC.J011,88854.57291509723,68068.55536374361,True
387,NC,J012,-122.106934,37.405994,2009-04-14T18:15:00.000000Z,3000-01-01T00:00:00.000000Z,NC.J012,91107.17465952624,58029.61658504512,True
388,NC,J013,-122.46669,37.756023,2009-04-15T19:00:00.000000Z,3000-01-01T00:00:00.000000Z,NC.J013,41000.60444170905,60966.651538869046,True
389,NC,J014,-122.189621,37.416512,2009-04-22T18:15:00.000000Z,2010-03-03T23:59:00.000000Z,NC.J014,85873.871930432,63280.252463408935,True
390,NC,J015,-121.876114,37.331871,2009-05-12T18:15:00.000000Z,3000-01-01T00:00:00.000000Z,NC.J015,109731.00990970325,46241.38202775921,True
391,NC,J016,-122.251671,37.457443,2009-05-12T23:10:00.000000Z,2018-01-05T22:15:00.000000Z,NC.J016,78974.01655093799,65066.257672005646,True
392,NC,J017,-122.228989,37.461205,2009-05-26T00:00:00.000000Z,3000-01-01T00:00:00.000000Z,NC.J017,79812.55306854653,63195.77747141246,True
393,NC,J018,-122.073547,37.319592,2009-06-08T22:46:00.000000Z,3000-01-01T00:00:00.000000Z,NC.J018,100615.00366194021,61242.033568388084,True
394,NC,J019,-122.198349,37.434326,2009-06-16T22:26:00.000000Z,3000-01-01T00:00:00.000000Z,NC.J019,83818.96101049408,62747.68615891892,True
395,NC,J020,-122.441139,37.766033,2009-06-18T21:52:00.000000Z,3000-01-01T00:00:00.000000Z,NC.J020,41426.34406104068,58492.24762121576,True
396,NC,J021,-122.236557,37.356548,2009-06-30T18:00:00.000000Z,2012-10-01T20:50:00.000000Z,NC.J021,88829.59897747396,70549.26635195152,True
397,NC,J022,-122.44516,37.629978,2009-07-06T17:35:00.000000Z,3000-01-01T00:00:00.000000Z,NC.J022,53431.608551257785,67659.9460737902,True
398,NC,J023,-122.346939,37.525528,2009-07-16T17:28:00.000000Z,3000-01-01T00:00:00.000000Z,NC.J023,67910.60831684436,67453.17854763931,True
399,NC,J024,-122.085373,37.402103,2009-08-13T21:17:00.000000Z,2014-04-01T23:59:00.000000Z,NC.J024,92574.51065486536,56734.16240033823,True
400,NC,J025,-122.072548,37.394753,2009-08-24T22:18:00.000000Z,3000-01-01T00:00:00.000000Z,NC.J025,93900.53167235272,56290.33024239368,True
401,NC,J026,-122.023911,37.34935,2009-08-31T22:10:00.000000Z,3000-01-01T00:00:00.000000Z,NC.J026,100507.99783676813,55741.99970479502,True
402,NC,J027,-122.084167,37.347603,2009-09-17T23:09:00.000000Z,3000-01-01T00:00:00.000000Z,NC.J027,97542.86120002868,60186.59381307832,True
403,NC,J028,-122.22319,37.387951,2009-09-23T22:50:00.000000Z,2013-09-11T19:30:00.000000Z,NC.J028,86700.27588782915,67546.55351103378,True
404,NC,J029,-122.493813,37.634148,2009-10-26T19:50:00.000000Z,3000-01-01T00:00:00.000000Z,NC.J029,50530.66351116466,70860.44864223394,True
405,NC,J030,-122.121048,37.3862,2009-10-27T19:13:00.000000Z,3000-01-01T00:00:00.000000Z,NC.J030,92157.0067762686,60328.92670926536,True
406,NC,J031,-122.482422,37.581299,2009-11-18T19:27:00.000000Z,3000-01-01T00:00:00.000000Z,NC.J031,55865.100319298224,73499.1508055252,True
407,NC,J032,-122.414993,37.631451,2009-11-25T19:24:00.000000Z,3000-01-01T00:00:00.000000Z,NC.J032,54865.15048865641,65409.821672947415,True
408,NC,J033,-122.195824,37.452854,2009-11-30T23:06:00.000000Z,3000-01-01T00:00:00.000000Z,NC.J033,82283.53381843376,61361.51263232764,True
409,NC,J034,-122.113449,37.370224,2009-12-07T18:24:00.000000Z,3000-01-01T00:00:00.000000Z,NC.J034,93988.70774269111,60821.115869527166,True
410,NC,J035,-122.378021,37.557804,2010-04-22T17:54:00.000000Z,3000-01-01T00:00:00.000000Z,NC.J035,63397.77772282704,67571.97203676497,True
411,NC,J036,-122.297813,37.528355,2010-04-22T22:25:00.000000Z,3000-01-01T00:00:00.000000Z,NC.J036,70206.05020122904,63753.4709185187,True
412,NC,J037,-122.237541,37.536282,2010-04-28T17:45:00.000000Z,3000-01-01T00:00:00.000000Z,NC.J037,72618.64389839201,58922.694911145925,True
413,NC,J038,-121.965866,37.33205,2010-05-18T00:35:00.000000Z,3000-01-01T00:00:00.000000Z,NC.J038,105071.93555574297,52689.30868398763,True
414,NC,J039,-122.45285,37.621201,2010-05-24T18:24:00.000000Z,3000-01-01T00:00:00.000000Z,NC.J039,53820.19868314982,68781.94529149914,True
415,NC,J040,-122.434738,37.804688,2010-05-25T18:18:00.000000Z,3000-01-01T00:00:00.000000Z,NC.J040,38287.567036834465,55513.161744898614,True
416,NC,J041,-122.441444,37.800491,2010-05-25T21:31:00.000000Z,3000-01-01T00:00:00.000000Z,NC.J041,38317.07342525168,56264.79839700296,True
417,NC,J042,-122.436043,37.806194,2010-06-09T18:53:00.000000Z,3000-01-01T00:00:00.000000Z,NC.J042,38084.78045607199,55507.82837099919,True
418,NC,J043,-122.295486,37.560108,2010-06-10T17:26:00.000000Z,3000-01-01T00:00:00.000000Z,NC.J043,67473.05763215796,61518.69652487391,True
419,NC,J044,-122.264442,37.37096,2010-06-17T18:36:00.000000Z,3000-01-01T00:00:00.000000Z,NC.J044,86085.17628041763,71612.03880749816,True
420,NC,J045,-122.301033,37.523643,2010-06-28T17:13:00.000000Z,3000-01-01T00:00:00.000000Z,NC.J045,70462.45962852261,64290.873831100376,True
421,NC,J046,-121.968987,37.256607,2010-07-07T18:09:00.000000Z,3000-01-01T00:00:00.000000Z,NC.J046,111707.40556182893,57804.73459804026,True
422,NC,J049,-122.458687,37.588139,2010-09-01T19:35:00.000000Z,3000-01-01T00:00:00.000000Z,NC.J049,56484.65688009637,71357.26927352531,True
423,NC,J050,-122.477852,37.61113,2010-09-09T23:21:00.000000Z,3000-01-01T00:00:00.000000Z,NC.J050,53425.47884114473,71224.58354743259,True
424,NC,J051,-122.007835,37.312901,2010-09-20T17:52:00.000000Z,3000-01-01T00:00:00.000000Z,NC.J051,104623.49101531522,56950.391205102984,True
425,NC,J052,-122.24456,37.299629,2010-11-08T18:00:00.000000Z,3000-01-01T00:00:00.000000Z,NC.J052,93530.90791650667,74828.36010177374,True
426,NC,J053,-122.160629,37.288418,2010-11-18T19:07:00.000000Z,2014-07-01T23:59:00.000000Z,NC.J053,98900.9714401321,69527.36008494443,True
427,NC,J055,-121.922073,37.39999,2011-02-14T18:08:00.000000Z,3000-01-01T00:00:00.000000Z,NC.J055,101214.69354573685,45136.644539630346,True
428,NC,J056,-122.442886,37.778343,2011-03-01T19:52:00.000000Z,3000-01-01T00:00:00.000000Z,NC.J056,40230.7055955423,57813.22052556293,True
429,NC,J057,-122.463875,37.78796,2011-08-10T16:18:00.000000Z,2020-07-02T19:00:00.000000Z,NC.J057,38279.90882330315,58680.72776827702,True
430,NC,J059,-122.452751,37.489326,2012-03-06T19:41:00.000000Z,2016-03-23T21:30:00.000000Z,NC.J059,65662.55835448157,77384.11607475956,True
431,NC,J060,-122.405266,37.712742,2012-04-03T17:44:00.000000Z,3000-01-01T00:00:00.000000Z,NC.J060,48070.148873374135,59411.91333713083,True
432,NC,J061,-122.497421,37.730572,2012-04-04T22:38:00.000000Z,3000-01-01T00:00:00.000000Z,NC.J061,41690.88716279075,64818.97403696309,True
433,NC,J062,-122.265808,37.562637,2012-05-15T22:02:00.000000Z,3000-01-01T00:00:00.000000Z,NC.J062,68784.26162263154,59230.492743130184,True
434,NC,J064,-122.323967,37.420303,2012-09-06T16:43:00.000000Z,3000-01-01T00:00:00.000000Z,NC.J064,78557.44441577543,72666.10093509486,True
435,NC,J065,-122.051247,37.34322,2012-09-06T23:51:00.000000Z,3000-01-01T00:00:00.000000Z,NC.J065,99643.75341093096,58105.01292505038,True
436,NC,J067,-122.340958,37.554142,2013-02-19T19:49:00.000000Z,3000-01-01T00:00:00.000000Z,NC.J067,65650.42958351591,65160.24385633857,True
437,NC,J068,-121.925262,37.351501,2015-03-17T22:42:00.000000Z,3000-01-01T00:00:00.000000Z,NC.J068,105420.09657216833,48507.395647533165,True
438,NC,JBG,-122.33976,37.343048,1984-01-01T00:00:00.000000Z,2001-02-19T23:59:00.000000Z,NC.JBG,84676.83429306147,78833.05058727415,True
440,NC,JBM,-122.153877,37.316994,1984-01-01T00:00:00.000000Z,2002-04-05T20:43:00.000000Z,NC.JBM,96680.83571550253,67184.51947387216,True
441,NC,JBMB,-122.153145,37.318607,2001-05-23T17:00:00.000000Z,2002-02-20T00:00:00.000000Z,NC.JBMB,96573.72399571595,67027.07449572536,True
443,NC,JCH,-122.377304,37.517036,1991-08-15T23:50:00.000000Z,2009-06-12T00:00:00.000000Z,NC.JCH,67096.53434155234,70179.26883790703,True
445,NC,JCP,-122.323387,37.58831,1991-10-31T23:30:00.000000Z,2022-01-28T23:07:00.000000Z,NC.JCP,63491.99306316609,61676.97656583114,True
446,NC,JCPB,-122.32368,37.58794,2022-02-14T00:00:00.000000Z,3000-01-01T00:00:00.000000Z,NC.JCPB,63510.045644784965,61722.03635077843,True
447,NC,JEG,-122.463417,37.51379,1984-01-01T00:00:00.000000Z,2002-05-22T23:59:00.000000Z,NC.JEG,62911.96074447675,76549.6071306168,True
448,NC,JFP,-122.189857,37.360447,2003-06-06T23:59:00.000000Z,3000-01-01T00:00:00.000000Z,NC.JFP,90904.20991369357,66943.42425798044,True
449,NC,JGR,-122.458153,37.516041,2000-09-13T00:00:00.000000Z,3000-01-01T00:00:00.000000Z,NC.JGR,62983.70019729623,76026.28954879755,True
450,NC,JHP,-122.304001,37.444084,1984-01-01T00:00:00.000000Z,2022-03-22T15:59:00.000000Z,NC.JHP,77457.9580695923,69686.0337207331,True
451,NC,JJR,-122.202736,37.344494,1990-10-11T20:10:00.000000Z,2022-03-22T15:59:00.000000Z,NC.JJR,91670.237282638,68905.70852408985,True
452,NC,JLT,-122.20417,37.353668,1984-01-01T00:00:00.000000Z,1988-09-21T20:00:00.000000Z,NC.JLT,90770.7409623689,68411.90342186127,True
453,NC,JMG,-122.475952,37.637348,1984-01-01T00:00:00.000000Z,2001-06-08T22:30:00.000000Z,NC.JMG,51171.22736300348,69376.7622143779,True
454,NC,JMGB,-122.474823,37.637192,2001-06-08T22:30:00.000000Z,3000-01-01T00:00:00.000000Z,NC.JMGB,51243.860796658395,69306.3722201561,True
455,NC,JMP,-122.16642,37.455425,1989-01-03T00:00:00.000000Z,1999-03-16T23:59:00.000000Z,NC.JMP,83576.58367444985,59085.79756210459,True
456,NC,JPC,-122.212761,37.270802,2001-03-07T23:00:00.000000Z,2019-08-26T00:00:00.000000Z,NC.JPC,97776.18569769333,74419.73648929367,True
457,NC,JPE,-122.209292,37.284159,2019-08-26T00:00:00.000000Z,3000-01-01T00:00:00.000000Z,NC.JPE,96755.42031626633,73301.49752077427,True
458,NC,JPP,-122.214149,37.262585,1984-01-01T00:00:00.000000Z,2001-08-29T14:30:00.000000Z,NC.JPP,98442.90002689858,75054.07807345282,True
459,NC,JPR,-122.474953,37.795269,1984-01-01T00:00:00.000000Z,3000-01-01T00:00:00.000000Z,NC.JPR,37049.8291137677,58992.50700243516,True
460,NC,JQB,-122.111336,37.322334,1988-04-01T00:00:00.000000Z,1989-01-01T23:59:00.000000Z,NC.JQB,98408.17026515512,63780.3904790956,True
461,NC,JQE,-122.101997,37.323166,1988-04-01T00:00:00.000000Z,1989-01-01T23:59:00.000000Z,NC.JQE,98817.7722581495,63055.10827156338,True
462,NC,JQN,-122.109001,37.324833,1988-04-01T00:00:00.000000Z,1989-01-01T23:59:00.000000Z,NC.JQN,98304.40782469486,63450.23114871758,True
463,NC,JQO,-122.105003,37.319332,1988-04-01T00:00:00.000000Z,1989-01-01T23:59:00.000000Z,NC.JQO,99006.89653234738,63520.21095966758,True
464,NC,JQS,-122.110168,37.318668,1988-04-01T00:00:00.000000Z,1989-01-01T23:59:00.000000Z,NC.JQS,98798.69229721626,63934.59170342356,True
465,NC,JQW,-122.116333,37.323334,1988-04-01T00:00:00.000000Z,1989-01-01T23:59:00.000000Z,NC.JQW,98058.91990632101,64074.56259575097,True
466,NC,JSA,-122.420059,37.582249,1984-01-01T00:00:00.000000Z,2000-08-17T23:29:00.000000Z,NC.JSA,59019.8719391545,68982.12112947757,True
468,NC,JSB,-122.398552,37.674332,1991-10-31T23:30:00.000000Z,3000-01-01T00:00:00.000000Z,NC.JSB,51867.41907156315,61438.48598929808,True
469,NC,JSC,-122.124184,37.284286,1984-01-01T00:00:00.000000Z,2014-06-26T21:42:00.000000Z,NC.JSC,101165.31617079412,67175.91983399697,True
470,NC,JSCB,-122.123688,37.284153,2015-01-08T20:51:00.000000Z,3000-01-01T00:00:00.000000Z,NC.JSCB,101203.03522350779,67148.89848565866,True
471,NC,JSF,-122.174072,37.404587,1984-01-01T00:00:00.000000Z,2003-02-04T23:59:00.000000Z,NC.JSF,87753.05343427986,62940.078592914615,True
472,NC,JSFB,-122.175957,37.403721,2000-12-12T23:45:00.000000Z,3000-01-01T00:00:00.000000Z,NC.JSFB,87733.17552183803,63131.654278341055,True
473,NC,JSG,-122.050766,37.283165,1984-01-01T00:00:00.000000Z,1996-07-27T17:30:00.000000Z,NC.JSG,105075.90124997924,61968.34124101307,True
474,NC,JSGB,-122.050171,37.28397,1996-07-31T14:15:00.000000Z,3000-01-01T00:00:00.000000Z,NC.JSGB,105034.27959827457,61873.28612134186,True
475,NC,JSJ,-122.092316,37.333778,1984-01-01T00:00:00.000000Z,2014-06-26T21:42:00.000000Z,NC.JSJ,98364.74843113162,61670.050635503554,True
477,NC,JSP,-122.502167,37.586441,1995-04-27T18:10:00.000000Z,2000-08-07T23:59:00.000000Z,NC.JSP,54377.26509990351,74573.29751682618,True
479,NC,JTR,-122.197998,37.352165,1988-09-26T21:30:00.000000Z,1990-10-11T20:00:00.000000Z,NC.JTR,91226.4024403501,68066.56096592496,True
480,NC,N001,-122.494141,37.960415,2009-04-13T18:50:00.000000Z,3000-01-01T00:00:00.000000Z,NC.N001,21235.145556924865,49571.05392342199,True
481,NC,N002,-122.140739,38.182613,2010-11-04T17:49:00.000000Z,3000-01-01T00:00:00.000000Z,NC.N002,19468.494054739054,9986.714030743957,True
482,NC,N003,-122.553757,38.108955,2010-11-17T18:29:00.000000Z,3000-01-01T00:00:00.000000Z,NC.N003,4826.330023156945,44094.33741784549,True
484,NC,N022,-122.457253,37.878597,2018-04-20T21:21:00.000000Z,3000-01-01T00:00:00.000000Z,NC.N022,30486.99889394739,52291.46630559981,True
485,NC,NCC,-122.47467,38.001984,2006-05-09T00:00:00.000000Z,3000-01-01T00:00:00.000000Z,NC.NCC,18510.946352486786,45472.83716684426,True
486,NC,NCT,-122.61573,37.997211,2015-07-29T23:13:00.000000Z,3000-01-01T00:00:00.000000Z,NC.NCT,11642.132039163695,55798.15962497635,True
487,NC,NGI,-121.95544,38.11945,2022-01-25T00:00:00.000000Z,3000-01-01T00:00:00.000000Z,NC.NGI,34652.92432032156,907.0776447328317,True
488,NC,NHC,-122.357674,38.21748,2009-11-04T20:44:00.000000Z,3000-01-01T00:00:00.000000Z,NC.NHC,5190.803072770437,23111.00716503535,True
489,NC,NHF,-122.523315,38.049622,1991-08-21T23:40:00.000000Z,3000-01-01T00:00:00.000000Z,NC.NHF,11722.138807211304,45813.916759847285,True
491,NC,NLH,-122.149216,38.122814,1984-01-01T00:00:00.000000Z,3000-01-01T00:00:00.000000Z,NC.NLH,24415.10240101099,14475.31884286512,True
492,NC,NMI,-122.258499,38.076012,1991-09-05T21:45:00.000000Z,2001-04-25T13:44:00.000000Z,NC.NMI,23007.855164990317,25287.5887348187,True
494,NC,NRL,-122.537384,37.835102,1995-04-27T00:00:00.000000Z,2022-03-29T01:00:00.000000Z,NC.NRL,30239.766255366434,60834.108279892185,True
495,NC,NSP,-122.464401,38.200253,1984-01-01T00:00:00.000000Z,1996-10-01T19:40:00.000000Z,NC.NSP,1243.7010897719174,31797.642220396312,True
498,NC,NTA,-122.598305,37.923054,1984-01-01T00:00:00.000000Z,2001-03-24T20:15:00.000000Z,NC.NTA,19193.87329191713,59413.36900191854,True
499,NC,NTAB,-122.598289,37.923069,2000-07-28T00:00:00.000000Z,2005-06-21T16:38:00.000000Z,NC.NTAB,19193.35747117253,59411.251185656794,True
500,NC,NTAC,-122.596481,37.923717,2005-08-11T00:00:00.000000Z,3000-01-01T00:00:00.000000Z,NC.NTAC,19228.949147749503,59240.43601541294,True
501,NC,NTO,-122.449692,38.143608,2004-03-10T22:40:00.000000Z,3000-01-01T00:00:00.000000Z,NC.NTO,7087.005574618604,34453.41096727264,True
502,NC,RWSVT,-122.263023,37.94408,2010-10-14T16:00:00.000000Z,3000-01-01T00:00:00.000000Z,NC.RWSVT,34636.69158253917,34198.11064375337,True
503,NP,1002,-122.25522,37.52886,2000-04-13T18:00:00.000000Z,3000-01-01T00:00:00.000000Z,NP.1002,72369.55197104526,60671.56497792729,True
504,NP,1003,-122.2977,37.49403,2005-04-14T18:00:00.000000Z,3000-01-01T00:00:00.000000Z,NP.1003,73296.68313375529,65981.20935181396,True
505,NP,1005,-122.2356,37.8762,1996-02-07T18:00:00.000000Z,1999-10-06T18:00:00.000000Z,NP.1005,42154.250489267215,36662.81234895855,True
506,NP,1103,-122.26878,37.87004,1985-02-12T18:00:00.000000Z,3000-01-01T00:00:00.000000Z,NP.1103,40996.09337886071,39428.56636380358,True
507,NP,1121,-122.0836,37.6565,1981-09-16T18:00:00.000000Z,1994-04-21T18:00:00.000000Z,NP.1121,69765.26328803305,40087.704082989105,True
508,NP,1129,-122.08236,37.67941,1984-03-30T18:00:00.000000Z,1999-11-22T18:00:00.000000Z,NP.1129,67766.77784463327,38511.36153461632,True
509,NP,1160,-122.31418,37.48413,1982-04-08T18:00:00.000000Z,1994-08-29T18:00:00.000000Z,NP.1160,73330.83554735554,67806.21004550591,True
510,NP,1180,-122.13022,37.62332,1981-12-01T18:00:00.000000Z,1990-01-01T18:00:00.000000Z,NP.1180,70343.65765853687,45579.75173668243,True
511,NP,1225,-122.50482,37.78268,2004-07-15T18:00:00.000000Z,3000-01-01T00:00:00.000000Z,NP.1225,36631.3636743282,61941.89233229468,True
512,NP,1226,-121.76303,37.62553,2004-03-24T18:00:00.000000Z,3000-01-01T00:00:00.000000Z,NP.1226,89070.76548831095,19116.32396963759,True
513,NP,1239,-122.40282,37.7952,1984-09-12T18:00:00.000000Z,3000-01-01T00:00:00.000000Z,NP.1239,40792.07444814474,53858.180100339916,True
514,NP,1439,-122.322,37.9,1975-12-08T18:00:00.000000Z,1983-11-30T18:00:00.000000Z,NP.1439,35555.948836791256,41268.34456747539,True
515,NP,1446,-122.40036,37.78956,1981-07-20T18:00:00.000000Z,1992-04-20T18:00:00.000000Z,NP.1446,41425.91400380744,54050.795238332066,True
517,NP,1447,-122.14159,37.40568,1991-11-22T18:00:00.000000Z,3000-01-01T00:00:00.000000Z,NP.1447,89339.15384261757,60537.85023794037,True
518,NP,1448,-122.11658,37.99345,1991-06-04T18:00:00.000000Z,1994-03-25T18:00:00.000000Z,NP.1448,37734.71895290217,20558.541383841446,True
519,NP,1515,-122.2495,37.5553,1996-02-01T18:00:00.000000Z,1999-12-13T18:00:00.000000Z,NP.1515,70289.00997517767,58541.00920864349,True
520,NP,1571,-121.85201,37.33927,1977-06-05T18:00:00.000000Z,2014-08-29T18:00:00.000000Z,NP.1571,110309.66945910105,44026.97251223489,True
522,NP,1590,-122.5099,37.9445,1999-11-17T18:00:00.000000Z,2001-11-08T18:00:00.000000Z,NP.1590,21848.076474671572,51730.56042263131,True
523,NP,1662,-122.2961,37.8398,1984-12-18T18:00:00.000000Z,3000-01-01T00:00:00.000000Z,NP.1662,42303.720832517916,43344.97834803512,True
524,NP,1675,-122.38515,37.7276,1996-02-01T18:00:00.000000Z,3000-01-01T00:00:00.000000Z,NP.1675,47778.106794569445,57007.73087102952,True
525,NP,1676,-122.41636,37.7934,2001-05-08T18:00:00.000000Z,3000-01-01T00:00:00.000000Z,NP.1676,40252.711889232254,54940.45586440805,True
526,NP,1678,-122.47576,37.80678,1996-02-01T18:00:00.000000Z,3000-01-01T00:00:00.000000Z,NP.1678,35974.883318673004,58298.24421754121,True
527,NP,1684,-121.83119,37.51485,1999-04-21T18:00:00.000000Z,3000-01-01T00:00:00.000000Z,NP.1684,95548.72125518371,31168.182121701026,True
528,NP,1687,-121.8003,37.45039,1994-04-12T18:00:00.000000Z,2001-01-01T18:00:00.000000Z,NP.1687,102955.82847397366,33116.95975316847,True
529,NP,1688,-121.88094,37.59669,1994-03-08T18:00:00.000000Z,3000-01-01T00:00:00.000000Z,NP.1688,85604.83066148445,29443.448398461373,True
530,NP,1689,-121.93329,37.70895,1994-03-07T18:00:00.000000Z,3000-01-01T00:00:00.000000Z,NP.1689,72788.91507986122,25925.032538404786,True
531,NP,1690,-121.99289,37.80945,1992-12-10T18:00:00.000000Z,3000-01-01T00:00:00.000000Z,NP.1690,60665.496086061336,23674.809182266516,True
532,NP,1691,-122.07853,37.92657,1996-02-09T18:00:00.000000Z,3000-01-01T00:00:00.000000Z,NP.1691,45711.984194352066,22189.950023618927,True
533,NP,1695,-122.02483,37.40161,1993-10-01T18:00:00.000000Z,2019-04-12T18:00:00.000000Z,NP.1695,95753.96257838455,52417.41411033242,True
534,NP,1696,-121.75803,37.39631,2008-09-25T18:00:00.000000Z,3000-01-01T00:00:00.000000Z,NP.1696,110015.04787507243,33571.20294647274,True
535,NP,1699,-122.152,37.319,1991-01-10T18:00:00.000000Z,2001-05-29T18:00:00.000000Z,NP.1699,96597.80939438917,66919.25778320509,True
536,NP,1720,-122.0848,37.2991,1991-04-17T18:00:00.000000Z,2005-07-19T18:00:00.000000Z,NP.1720,101875.99736454817,63381.74812898304,True
537,NP,1721,-122.44347,37.80449,1991-05-22T18:00:00.000000Z,3000-01-01T00:00:00.000000Z,NP.1721,37853.1346862673,56148.08310740273,True
538,NP,1722,-122.36597,37.97862,1999-12-18T18:00:00.000000Z,2001-08-08T18:00:00.000000Z,NP.1722,26222.376946152915,39272.67003815841,True
540,NP,1723,-122.2225,37.8841,1999-12-18T18:00:00.000000Z,2000-06-15T18:00:00.000000Z,NP.1723,42119.45665663318,35215.02331425412,True
541,NP,1726,-122.261,37.563,1990-05-01T18:00:00.000000Z,1996-11-07T18:00:00.000000Z,NP.1726,69000.81061521727,58862.79892645043,True
542,NP,1729,-122.3986,37.6745,1999-12-15T18:00:00.000000Z,2000-06-21T18:00:00.000000Z,NP.1729,51849.84354461565,61430.95321567991,True
543,NP,1730,-122.1193,37.7242,1999-12-18T18:00:00.000000Z,2000-06-15T18:00:00.000000Z,NP.1730,61828.768010446205,38244.22013138921,True
544,NP,1731,-121.8873,37.5404,1999-12-15T18:00:00.000000Z,2000-06-21T18:00:00.000000Z,NP.1731,90352.35808830376,33544.40680277768,True
545,NP,1732,-122.01,37.645,1999-05-17T18:00:00.000000Z,2000-06-15T18:00:00.000000Z,NP.1732,74598.61793321662,35564.38687977944,True
546,NP,1734,-122.25977,37.35447,1999-12-22T18:00:00.000000Z,3000-01-01T00:00:00.000000Z,NP.1734,87810.24866366068,72350.39254454273,True
547,NP,1735,-122.40994,37.7804,1994-07-27T18:00:00.000000Z,1995-05-18T18:00:00.000000Z,NP.1735,41752.47744162983,55331.14531569918,True
549,NP,1736,-122.2,37.34,1995-01-18T18:00:00.000000Z,2002-01-11T18:00:00.000000Z,NP.1736,92216.48593159326,69001.57694594009,True
550,NP,1737,-122.29954,37.93378,1994-08-19T18:00:00.000000Z,2010-10-19T18:00:00.000000Z,NP.1737,33679.293710325524,37468.56866990774,True
552,NP,1738,-122.1672,37.4546,1995-06-01T18:00:00.000000Z,1999-04-27T18:00:00.000000Z,NP.1738,83610.37404879027,59195.37251445112,True
553,NP,1739,-122.0066,37.59997,1995-01-26T18:00:00.000000Z,3000-01-01T00:00:00.000000Z,NP.1739,78830.20079135682,38241.53527433896,True
554,NP,1740,-122.408,37.803,1996-02-08T18:00:00.000000Z,2001-06-11T18:00:00.000000Z,NP.1740,39823.48081969019,53718.42430685503,True
555,NP,1741,-122.44317,37.80343,1996-02-08T18:00:00.000000Z,2019-04-22T18:00:00.000000Z,NP.1741,37963.83263109682,56195.90557042806,True
556,NP,1742,-121.90468,37.34971,1996-03-06T18:00:00.000000Z,2007-01-04T18:00:00.000000Z,NP.1742,106645.88782202426,47142.400498516654,True
557,NP,1745,-122.17028,37.45697,1998-03-06T18:00:00.000000Z,3000-01-01T00:00:00.000000Z,NP.1745,83237.53675023526,59262.16581514536,True
558,NP,1749,-122.4165,37.94993,1999-12-16T18:00:00.000000Z,2014-05-02T18:00:00.000000Z,NP.1749,26189.889045265685,44736.960111852444,True
559,NP,1750,-122.09093,37.55307,1999-12-16T18:00:00.000000Z,3000-01-01T00:00:00.000000Z,NP.1750,78697.42333788938,47329.130793402284,True
560,NP,1751,-122.53915,38.06671,1999-12-14T18:00:00.000000Z,2013-02-21T18:00:00.000000Z,NP.1751,9370.733099670477,45820.37387572645,True
561,NP,1752,-122.30787,37.46782,1999-11-15T18:00:00.000000Z,3000-01-01T00:00:00.000000Z,NP.1752,75124.06844786464,68416.9119322513,True
562,NP,1753,-122.24851,37.55957,2000-01-13T18:00:00.000000Z,3000-01-01T00:00:00.000000Z,NP.1753,69956.41426123264,58192.21442328126,True
563,NP,1754,-122.08119,37.67191,2000-02-02T18:00:00.000000Z,3000-01-01T00:00:00.000000Z,NP.1754,68502.36097319149,38914.627397993,True
564,NP,1755,-122.24377,37.76265,2000-03-17T18:00:00.000000Z,2017-09-22T18:00:00.000000Z,NP.1755,51942.71855123724,44635.458007567606,True
566,NP,1756,-122.2526,37.73774,2000-04-13T18:00:00.000000Z,3000-01-01T00:00:00.000000Z,NP.1756,53726.04973095464,46887.20398646078,True
567,NP,1757,-121.92539,37.54316,2000-10-24T18:00:00.000000Z,2012-04-19T18:00:00.000000Z,NP.1757,88139.17959798747,36099.7936957668,True
568,NP,1759,-122.25623,38.10767,2000-08-10T18:00:00.000000Z,2003-09-27T18:00:00.000000Z,NP.1759,20278.104053004805,23065.554917134712,True
570,NP,1760,-122.15743,38.05415,2000-08-08T18:00:00.000000Z,3000-01-01T00:00:00.000000Z,NP.1760,30172.05355745649,19522.397559062374,True
571,NP,1762,-122.56564,38.09755,2000-06-29T18:00:00.000000Z,3000-01-01T00:00:00.000000Z,NP.1762,5235.382637455128,45682.31283382323,True
572,NP,1770,-122.415237,37.760208,2000-06-13T18:00:00.000000Z,3000-01-01T00:00:00.000000Z,NP.1770,43291.27886033894,57026.15499096165,True
573,NP,1771,-122.396889,37.777367,2000-06-28T18:00:00.000000Z,3000-01-01T00:00:00.000000Z,NP.1771,42700.60910051175,54598.77814429061,True
574,NP,1772,-122.490715,37.750942,2000-06-07T00:00:00.000000Z,3000-01-01T00:00:00.000000Z,NP.1772,40210.83353210431,63010.473031207424,True
575,NP,1773,-122.473602,37.763863,2000-08-28T00:00:00.000000Z,3000-01-01T00:00:00.000000Z,NP.1773,39938.596486498645,60947.22397889335,True
576,NP,1774,-122.504471,37.761463,2000-06-07T00:00:00.000000Z,3000-01-01T00:00:00.000000Z,NP.1774,38553.26669782849,63303.217740222666,True
577,NP,1775,-122.094604,37.407013,2000-06-08T00:00:00.000000Z,3000-01-01T00:00:00.000000Z,NP.1775,91654.31966638991,57078.14854315653,True
578,NP,1776,-122.239235,37.474827,2000-06-06T00:00:00.000000Z,3000-01-01T00:00:00.000000Z,NP.1776,78056.30081861805,63043.58605833952,True
579,NP,1777,-122.30471,37.541874,2000-06-06T00:00:00.000000Z,2010-08-10T23:59:00.000000Z,NP.1777,68633.34971637501,63366.4247010748,True
580,NP,1778,-121.979782,37.302494,2000-06-26T00:00:00.000000Z,3000-01-01T00:00:00.000000Z,NP.1778,107014.1513847564,55606.82256946503,True
581,NP,1779,-121.866562,37.267475,2000-06-29T00:00:00.000000Z,3000-01-01T00:00:00.000000Z,NP.1779,116031.18158042745,49722.16646986772,True
582,NP,1780,-121.916168,37.263519,2000-06-26T00:00:00.000000Z,3000-01-01T00:00:00.000000Z,NP.1780,113820.43953044456,53552.45180735682,True
583,NP,1781,-121.9039,37.301434,2000-06-29T00:00:00.000000Z,3000-01-01T00:00:00.000000Z,NP.1781,111037.89483153269,50212.97533609461,True
584,NP,1782,-121.943535,37.318157,2000-06-29T00:00:00.000000Z,3000-01-01T00:00:00.000000Z,NP.1782,107479.65002337593,51982.88450178674,True
585,NP,1783,-121.849152,37.306599,2000-06-22T00:00:00.000000Z,3000-01-01T00:00:00.000000Z,NP.1783,113403.62146576213,45935.517925618595,True
586,NP,1784,-122.17239,37.45562,2000-01-13T18:00:00.000000Z,2012-08-02T18:00:00.000000Z,NP.1784,83249.6141274013,59501.25332212199,True
587,NP,1785,-121.873665,37.660809,2000-08-11T00:00:00.000000Z,2005-08-22T19:45:00.000000Z,NP.1785,80197.78623881079,24770.784546507984,True
588,NP,1786,-121.739571,37.680305,2000-08-11T00:00:00.000000Z,3000-01-01T00:00:00.000000Z,NP.1786,85331.97328748423,13893.357189273767,True
589,NP,1787,-122.20612,37.41785,2000-07-03T18:00:00.000000Z,2014-12-18T18:00:00.000000Z,NP.1787,84897.58470348745,64376.77088736257,True
590,NP,1788,-121.915405,37.417019,2001-06-06T00:00:00.000000Z,3000-01-01T00:00:00.000000Z,NP.1788,100024.3750267569,43554.073471231706,True
591,NP,1789,-121.9846,37.3923,2001-06-04T18:00:00.000000Z,2006-02-22T18:00:00.000000Z,NP.1789,98674.36395259135,50130.25690137812,True
592,NP,1790,-122.367409,37.590942,2001-06-07T00:00:00.000000Z,3000-01-01T00:00:00.000000Z,NP.1790,60972.15562704521,64652.494942172816,True
593,NP,1791,-122.0389,37.36495,2001-07-18T18:00:00.000000Z,2007-11-28T18:00:00.000000Z,NP.1791,98326.79921758431,55807.24053767422,True
595,NP,1792,-122.425278,37.747662,2001-06-11T00:00:00.000000Z,3000-01-01T00:00:00.000000Z,NP.1792,43897.55936268857,58560.65040432586,True
596,NP,1793,-121.807777,37.346535,2001-07-12T00:00:00.000000Z,3000-01-01T00:00:00.000000Z,NP.1793,111939.24949045543,40371.64820825985,True
597,NP,1794,-122.001068,37.407181,2001-08-27T00:00:00.000000Z,2017-03-29T21:45:00.000000Z,NP.1794,96481.85528908098,50348.71953848965,True
598,NP,1794B,-122.00562,37.40373,2020-11-03T18:00:00.000000Z,3000-01-01T00:00:00.000000Z,NP.1794B,96557.17653310481,50899.6344109614,True
599,NP,1795,-122.386787,37.746639,2001-09-19T00:00:00.000000Z,3000-01-01T00:00:00.000000Z,NP.1795,45983.374108673495,55882.77341867058,True
600,NP,1796,-122.06041,37.394146,2001-08-30T00:00:00.000000Z,3000-01-01T00:00:00.000000Z,NP.1796,94583.88199096013,55457.86789976721,True
601,NP,1798,-121.843742,37.376015,2001-07-11T00:00:00.000000Z,3000-01-01T00:00:00.000000Z,NP.1798,107423.03642257728,41053.85605725901,True
602,NP,1799,-121.986237,37.271133,2001-06-28T00:00:00.000000Z,3000-01-01T00:00:00.000000Z,NP.1799,109504.87453075688,58104.95833167947,True
603,NP,1800,-122.4158,37.7791,2001-06-20T18:00:00.000000Z,3000-01-01T00:00:00.000000Z,NP.1800,41565.74992574614,55833.609929596314,True
604,NP,1801,-122.428703,37.450958,2001-07-16T00:00:00.000000Z,3000-01-01T00:00:00.000000Z,NP.1801,70357.86709581496,78167.90471194804,True
605,NP,1802,-122.074493,37.592678,2001-07-20T00:00:00.000000Z,3000-01-01T00:00:00.000000Z,NP.1802,75981.29050512152,43579.511908213884,True
606,NP,1803,-121.727005,37.717369,2001-07-18T00:00:00.000000Z,3000-01-01T00:00:00.000000Z,NP.1803,82631.02232703331,10597.639073535673,True
607,NP,1804,-122.484047,37.679253,2001-07-20T00:00:00.000000Z,3000-01-01T00:00:00.000000Z,NP.1804,46990.19587440283,67217.55121807191,True
608,NP,1805,-122.30297,37.78446,2001-07-17T18:00:00.000000Z,3000-01-01T00:00:00.000000Z,NP.1805,46922.44163893235,47439.547562054686,True
609,NP,1806,-122.536819,37.910328,2001-07-19T00:00:00.000000Z,3000-01-01T00:00:00.000000Z,NP.1806,23520.559474262183,55876.81581099462,True
610,NP,1807,-122.299164,37.887665,2001-07-17T00:00:00.000000Z,2008-05-02T15:08:00.000000Z,NP.1807,37843.45535378037,40445.58864235643,True
611,NP,1810,-122.41348,37.73744,2001-08-29T18:00:00.000000Z,3000-01-01T00:00:00.000000Z,NP.1810,45426.71319954934,58386.42637526863,True
612,NP,1811,-122.154,37.44645,2001-09-27T18:00:00.000000Z,3000-01-01T00:00:00.000000Z,NP.1811,85027.70265413406,58778.4317369652,True
613,NP,1812,-122.2711,37.8693,2001-09-20T18:00:00.000000Z,3000-01-01T00:00:00.000000Z,NP.1812,40942.875046762536,39642.08163236978,True
614,NP,1813,-122.270164,38.034332,2001-09-24T00:00:00.000000Z,3000-01-01T00:00:00.000000Z,NP.1813,26154.71846760223,28830.3339398728,True
615,NP,1814,-122.50924,37.94457,2001-11-19T18:00:00.000000Z,3000-01-01T00:00:00.000000Z,NP.1814,21875.944847707713,51679.087912202216,True
616,NP,1815,-122.2637,37.4891,2003-02-20T18:00:00.000000Z,2022-11-08T18:00:00.000000Z,NP.1815,75504.0482161809,63867.25562165286,True
617,NP,1816,-122.401337,37.744835,2003-01-14T22:00:00.000000Z,3000-01-01T00:00:00.000000Z,NP.1816,45391.76909909847,57038.054587522725,True
618,NP,1817,-122.486,37.779335,2003-01-15T23:00:00.000000Z,3000-01-01T00:00:00.000000Z,NP.1817,37907.289404183946,60819.99080580624,True
619,NP,1818,-122.431168,37.716331,2003-01-22T00:00:00.000000Z,3000-01-01T00:00:00.000000Z,NP.1818,46405.25370209988,61025.30688553736,True
620,NP,1819,-122.292519,37.81076,2003-07-01T00:00:00.000000Z,3000-01-01T00:00:00.000000Z,NP.1819,45098.84417047968,44981.12591063099,True
621,NP,1820,-122.276062,37.8251,2003-06-25T00:00:00.000000Z,3000-01-01T00:00:00.000000Z,NP.1820,44660.04943058053,42873.77428671781,True
622,NP,1821,-122.268402,37.798599,2003-07-02T00:00:00.000000Z,3000-01-01T00:00:00.000000Z,NP.1821,47438.05162584995,44052.99284660148,True
623,NP,1822,-122.322,37.8965,2003-02-05T18:00:00.000000Z,2019-06-27T18:00:00.000000Z,NP.1822,35870.46705990836,41496.40026082109,True
624,NP,1823,-122.11472,37.99448,2003-02-11T18:00:00.000000Z,3000-01-01T00:00:00.000000Z,NP.1823,37737.626813406896,20359.138882851705,True
625,NP,1824,-122.44841,37.724163,2003-08-06T21:00:00.000000Z,3000-01-01T00:00:00.000000Z,NP.1824,44808.18566373695,61743.666953981156,True
626,NP,1825,-121.87085,37.413952,2003-05-20T00:00:00.000000Z,3000-01-01T00:00:00.000000Z,NP.1825,102602.18560406368,40548.82704685049,True
627,NP,1826,-121.920975,37.680599,2003-07-30T00:00:00.000000Z,2021-05-26T20:00:00.000000Z,NP.1826,75978.3522902475,26879.681326043534,True
628,NP,1827,-122.293266,37.860592,2003-03-26T00:00:00.000000Z,3000-01-01T00:00:00.000000Z,NP.1827,40581.291167641524,41788.758623492926,True
629,NP,1828,-122.252518,37.858345,2003-03-26T00:00:00.000000Z,3000-01-01T00:00:00.000000Z,NP.1828,42886.8184015206,39030.83351522829,True
630,NP,1830,-122.078102,37.374176,2003-03-31T11:20:00.000000Z,3000-01-01T00:00:00.000000Z,NP.1830,95465.17388906189,58025.32110472469,True
631,NP,1831,-122.018173,37.364082,2003-05-19T00:00:00.000000Z,2009-04-07T00:00:00.000000Z,NP.1831,99478.39537547792,54373.719864544655,True
632,NP,1833,-122.40388,37.78315,2003-07-21T18:00:00.000000Z,3000-01-01T00:00:00.000000Z,NP.1833,41819.31142601894,54719.827051252374,True
633,NP,1834,-122.077713,37.425488,2003-07-09T19:45:00.000000Z,2011-12-20T22:59:00.000000Z,NP.1834,90866.15621536346,54665.6787897819,True
634,NP,1836,-122.169823,37.691692,2004-02-23T20:15:00.000000Z,3000-01-01T00:00:00.000000Z,NP.1836,62145.26826751906,43968.785927739904,True
635,NP,1838,-121.910881,37.383316,2004-05-26T00:00:00.000000Z,3000-01-01T00:00:00.000000Z,NP.1838,103296.06582486662,45411.86111120625,True
636,NP,1839,-121.93602,37.285374,2004-04-20T20:45:00.000000Z,3000-01-01T00:00:00.000000Z,NP.1839,110822.93362409201,53566.27261768989,True
637,NP,1841,-121.977753,37.358315,2004-09-02T00:00:00.000000Z,3000-01-01T00:00:00.000000Z,NP.1841,102090.33590603767,51841.55247389201,True
638,NP,1842,-121.783508,37.688728,2004-06-19T19:00:00.000000Z,3000-01-01T00:00:00.000000Z,NP.1842,82315.09962013508,16500.505061841228,True
639,NP,1843,-122.150917,37.726883,2004-06-24T19:00:00.000000Z,3000-01-01T00:00:00.000000Z,NP.1843,59955.44818589241,40329.78780783278,True
640,NP,1844,-122.032166,37.885201,2004-06-14T20:22:00.000000Z,3000-01-01T00:00:00.000000Z,NP.1844,51821.640093680144,21566.845093300934,True
641,NP,1846,-121.93055,37.942207,2004-07-06T21:45:00.000000Z,3000-01-01T00:00:00.000000Z,NP.1846,51904.52677019581,10617.053671817419,True
642,NP,1847,-122.134583,38.012856,2004-06-23T22:00:00.000000Z,2018-03-16T19:30:00.000000Z,NP.1847,35062.560632022214,20579.87387093265,True
644,NP,1849,-122.1614,37.46728,2004-06-08T18:00:00.000000Z,3000-01-01T00:00:00.000000Z,NP.1849,82770.23050020995,57955.09929005644,True
645,NP,1851,-122.19533,37.4183,1990-10-26T18:00:00.000000Z,2019-07-11T18:00:00.000000Z,NP.1851,85416.90491335017,63573.51204496055,True
646,NP,1852,-122.19516,37.41725,1990-10-26T18:00:00.000000Z,2004-07-07T18:00:00.000000Z,NP.1852,85520.1595525708,63629.609928048674,True
648,NP,1853,-122.15068,37.4462,2005-03-08T18:00:00.000000Z,3000-01-01T00:00:00.000000Z,NP.1853,85222.25114794138,58556.52989549693,True
649,NP,1854,-122.19756,37.75896,2005-07-13T18:00:00.000000Z,3000-01-01T00:00:00.000000Z,NP.1854,54661.470636054,41576.325497162965,True
650,NP,1855,-122.1734,37.7696,2005-07-14T18:00:00.000000Z,3000-01-01T00:00:00.000000Z,NP.1855,54951.591516642984,39159.08729176327,True
651,NP,1856,-122.23033,37.80285,2005-07-08T18:00:00.000000Z,3000-01-01T00:00:00.000000Z,NP.1856,49022.137024061776,41060.15860655288,True
652,NP,1857,-122.22841,37.7777,2005-07-06T18:00:00.000000Z,3000-01-01T00:00:00.000000Z,NP.1857,51382.90061539672,42559.67122334473,True
653,NP,1858,-122.20137,37.72983,2005-07-14T18:00:00.000000Z,3000-01-01T00:00:00.000000Z,NP.1858,57084.79497901867,43743.14065874481,True
654,NP,1859,-122.17054,37.74485,2005-07-15T18:00:00.000000Z,3000-01-01T00:00:00.000000Z,NP.1859,57325.854875110635,40563.9605791936,True
655,NP,1860,-122.19715,37.78568,2005-07-13T18:00:00.000000Z,3000-01-01T00:00:00.000000Z,NP.1860,52279.24645209332,39809.173183852974,True
656,NP,1861,-122.26376,37.79207,2005-07-07T18:00:00.000000Z,3000-01-01T00:00:00.000000Z,NP.1861,48264.82424739263,44146.9168523145,True
657,NP,1862,-122.0849,37.2995,2005-07-26T18:00:00.000000Z,3000-01-01T00:00:00.000000Z,NP.1862,101834.8042981312,63362.96390688172,True
658,NP,1863,-121.857147,37.666656,2005-09-27T21:15:00.000000Z,3000-01-01T00:00:00.000000Z,NP.1863,80520.43195989756,23208.176519122753,True
659,NP,1866,-122.41216,37.77959,2008-06-13T18:00:00.000000Z,3000-01-01T00:00:00.000000Z,NP.1866,41710.252857178,55542.21529768615,True
660,NP,1867,-122.25723,37.87442,2008-08-26T18:00:00.000000Z,2017-01-17T18:00:00.000000Z,NP.1867,41198.37002142087,38320.2913817688,True
662,NP,1868,-122.1399,37.4054,2010-05-05T18:00:00.000000Z,3000-01-01T00:00:00.000000Z,NP.1868,89451.96415663577,60434.743348985896,True
663,NP,1869,-122.1406,37.4061,2010-05-05T18:00:00.000000Z,3000-01-01T00:00:00.000000Z,NP.1869,89352.68946950996,60439.495306420504,True
664,NP,1870,-122.1609,37.4654,2010-04-16T18:00:00.000000Z,3000-01-01T00:00:00.000000Z,NP.1870,82965.27143706626,58041.46061576211,True
665,NP,1874,-121.76278,37.62747,2010-08-02T18:00:00.000000Z,3000-01-01T00:00:00.000000Z,NP.1874,88908.52886673083,18972.99701159173,True
666,NP,1875,-122.5049,37.78236,2010-04-26T18:00:00.000000Z,3000-01-01T00:00:00.000000Z,NP.1875,36655.92910410998,61968.49641235058,True
667,NP,1876,-122.39875,37.78968,2012-06-06T18:00:00.000000Z,3000-01-01T00:00:00.000000Z,NP.1876,41498.48413014512,53928.22495496232,True
668,NP,1877,-121.92583,37.54237,2012-04-23T18:00:00.000000Z,3000-01-01T00:00:00.000000Z,NP.1877,88187.68710772703,36182.55225848504,True
669,NP,BCS,-122.40657,37.77729,2011-03-08T18:00:00.000000Z,3000-01-01T00:00:00.000000Z,NP.BCS,42206.25665203165,55293.85349690698,True
670,NP,BMA,-122.41448,37.80682,2004-06-01T18:00:00.000000Z,3000-01-01T00:00:00.000000Z,NP.BMA,39145.01208146587,53930.87353741089,True
671,NP,BOA,-122.39661,37.7781,2013-03-01T18:00:00.000000Z,2015-02-17T18:00:00.000000Z,NP.BOA,42649.2260543884,54531.07661116726,True
672,NP,CES,-122.38728,37.75111,2011-12-01T18:00:00.000000Z,3000-01-01T00:00:00.000000Z,NP.CES,45556.29198155552,55626.32890069821,True
673,NP,CPS,-122.39871,37.77105,2004-07-01T18:00:00.000000Z,3000-01-01T00:00:00.000000Z,NP.CPS,43173.62384599425,55140.65462402273,True
674,NP,EMB,-122.39537,37.79566,2011-06-01T18:00:00.000000Z,2014-12-04T18:00:00.000000Z,NP.EMB,41136.40347337318,53297.26206975189,True
675,NP,ENM,-122.3975,37.7841,2012-08-21T18:00:00.000000Z,2014-12-17T18:00:00.000000Z,NP.ENM,42064.311017894,54203.12890419313,True
676,NP,FM3,-122.428,37.8074,2001-05-01T18:00:00.000000Z,3000-01-01T00:00:00.000000Z,NP.FM3,38392.974121678635,54856.185822161555,True
677,NP,LEV,-122.40032,37.80183,2010-01-01T18:00:00.000000Z,3000-01-01T00:00:00.000000Z,NP.LEV,40326.085497133936,53247.52392769795,True
682,NP,MAR,-122.42425,37.80641,2004-05-01T18:00:00.000000Z,3000-01-01T00:00:00.000000Z,NP.MAR,38676.02271039002,54653.65283718915,True
683,NP,PBS,-122.38967,37.77795,2012-08-17T18:00:00.000000Z,3000-01-01T00:00:00.000000Z,NP.PBS,43021.9914198512,54046.15537888929,True
684,NP,PHG,-122.39702,37.75625,2013-01-15T18:00:00.000000Z,3000-01-01T00:00:00.000000Z,NP.PHG,44590.25904555627,55985.596050237145,True
685,NP,RH2,-122.4217,37.80224,2012-08-16T18:00:00.000000Z,3000-01-01T00:00:00.000000Z,NP.RH2,39182.468360509316,54744.103308093254,True
686,NP,SFBCS,-122.40657,37.77729,2011-03-08T18:00:00.000000Z,3000-01-01T00:00:00.000000Z,NP.SFBCS,42206.25665203165,55293.85349690698,True
687,NP,SFCES,-122.38728,37.75111,2011-12-01T18:00:00.000000Z,2016-07-27T18:00:00.000000Z,NP.SFCES,45556.29198155552,55626.32890069821,True
688,NP,SFCPS,-122.39871,37.77105,2004-07-01T18:00:00.000000Z,3000-01-01T00:00:00.000000Z,NP.SFCPS,43173.62384599425,55140.65462402273,True
689,NP,SFEMB,-122.39537,37.79566,2011-06-01T18:00:00.000000Z,2014-12-04T18:00:00.000000Z,NP.SFEMB,41136.40347337318,53297.26206975189,True
691,NP,SFFM3,-122.428,37.8074,2001-05-01T18:00:00.000000Z,3000-01-01T00:00:00.000000Z,NP.SFFM3,38392.974121678635,54856.185822161555,True
692,NP,SFLEV,-122.40032,37.80183,2010-01-01T18:00:00.000000Z,3000-01-01T00:00:00.000000Z,NP.SFLEV,40326.085497133936,53247.52392769795,True
693,NP,SFP50,-122.38346,37.77335,2012-08-15T18:00:00.000000Z,3000-01-01T00:00:00.000000Z,NP.SFP50,43756.61419223511,53903.46571672564,True
694,NP,SFPBS,-122.38967,37.77795,2012-08-17T18:00:00.000000Z,3000-01-01T00:00:00.000000Z,NP.SFPBS,43021.9914198512,54046.15537888929,True
695,NP,SFPHG,-122.39702,37.75625,2013-01-15T18:00:00.000000Z,2016-07-27T18:00:00.000000Z,NP.SFPHG,44590.25904555627,55985.596050237145,True
696,NP,SFWSS,-122.44288,37.80365,2009-12-01T18:00:00.000000Z,2019-04-22T18:00:00.000000Z,NP.SFWSS,37959.10171450081,56160.88819828772,True
698,NP,TEL,-122.40347,37.802,1992-05-01T18:00:00.000000Z,3000-01-01T00:00:00.000000Z,NP.TEL,40147.77109328736,53460.888556335434,True
699,NP,WSS,-122.44288,37.80365,2009-12-01T18:00:00.000000Z,3000-01-01T00:00:00.000000Z,NP.WSS,37959.10171450081,56160.88819828772,True
700,PB,B054,-122.199501,37.860199,2008-08-21T00:00:00.000000Z,3000-01-01T00:00:00.000000Z,PB.B054,45455.116962017295,35130.126756796424,True
701,PB,B057,-122.565498,38.027302,2008-06-10T00:00:00.000000Z,3000-01-01T00:00:00.000000Z,PB.B057,11543.498617875477,50265.85696004552,True
702,UL,SFBLM,-122.14,37.32,1976-02-01T00:00:00.000000Z,1983-02-27T00:00:00.000000Z,UL.SFBLM,97130.74703292521,65991.99546331557,True
703,UL,SFBRK,-122.24,37.88,1974-01-01T00:00:00.000000Z,1988-10-20T21:40:00.000000Z,UL.SFBRK,41585.58218466817,36729.12307137784,True
705,UL,SFBSB,-122.4104,37.68623,2001-09-09T18:20:00.000000Z,3000-01-01T00:00:00.000000Z,UL.SFBSB,50184.688916417435,61507.8798089741,True
706,UL,SFCBT,-122.0958,37.7489,1992-10-06T23:40:00.000000Z,3000-01-01T00:00:00.000000Z,UL.SFCBT,60817.76715261905,34959.97653932426,True
707,UL,SFCFW,-121.96,37.53,1993-12-07T00:00:00.000000Z,3000-01-01T00:00:00.000000Z,UL.SFCFW,87539.19304476112,39436.38232845064,True
708,UL,SFCHP,-122.08,37.66,1994-04-02T01:20:00.000000Z,3000-01-01T00:00:00.000000Z,UL.SFCHP,69636.00793715948,39602.78555691328,True
709,UL,SFCOZ,-122.15,37.75,1996-11-06T00:00:00.000000Z,3000-01-01T00:00:00.000000Z,UL.SFCOZ,57922.71315216029,38761.7473941427,True
710,UL,SFCPP,-122.07,37.66,1995-08-16T21:20:00.000000Z,3000-01-01T00:00:00.000000Z,UL.SFCPP,70152.15665128475,38887.047107640574,True
711,UL,SFCTM,-122.23,37.84,1995-08-16T21:20:00.000000Z,3000-01-01T00:00:00.000000Z,UL.SFCTM,45698.442772246555,38619.21812501335,True
712,UL,SFCYH,-122.09,37.55,1993-01-11T19:20:00.000000Z,2003-01-29T19:20:00.000000Z,UL.SFCYH,79021.8593564128,47461.8477344775,True
714,UL,SFGAR,-122.0067,37.6458,1992-10-03T00:00:00.000000Z,2003-01-21T23:40:00.000000Z,UL.SFGAR,74696.75300745327,35276.133956971156,True
716,UL,SFHAY,-122.05,37.65,1976-12-03T00:00:00.000000Z,1982-12-14T23:50:00.000000Z,UL.SFHAY,72084.71405346836,38104.415751939545,True
717,UL,SFMAR,-122.4944,37.8421,2002-08-21T16:20:00.000000Z,3000-01-01T00:00:00.000000Z,UL.SFMAR,31839.379113684234,57318.249605032026,True
718,UL,SFMCK,-121.9,37.55,1993-02-01T23:30:00.000000Z,2003-01-17T18:30:00.000000Z,UL.SFMCK,88832.05063336487,33834.43254295041,True
721,UL,SFOHL,-122.272987,38.00625,2001-09-09T19:00:00.000000Z,3000-01-01T00:00:00.000000Z,UL.SFOHL,28533.925311550607,30859.51507472415,True
722,UL,SFOXM,-122.42575,37.49935,2002-03-06T18:00:00.000000Z,3000-01-01T00:00:00.000000Z,UL.SFOXM,66166.96590661559,74798.5599767951,True
723,UL,SFPDO,-122.47,37.8,1974-01-01T00:00:00.000000Z,1990-11-14T17:10:00.000000Z,UL.SFPDO,36881.858429594475,58330.806877630326,True
727,UL,SFRRL,-122.15,37.92,1992-12-15T21:30:00.000000Z,2003-01-23T22:30:00.000000Z,UL.SFRRL,42625.66648994499,27712.626889782365,True
729,UL,SFSAN,-122.44,37.61,1978-01-31T00:00:00.000000Z,3000-01-01T00:00:00.000000Z,UL.SFSAN,55492.938709722155,68595.52972071423,True
730,UL,SFSTV,-122.5264,38.03325,2002-09-27T21:00:00.000000Z,3000-01-01T00:00:00.000000Z,UL.SFSTV,13031.617416135137,47102.76823566989,True
731,UL,SFSUN,-121.94,37.64,1993-01-26T23:00:00.000000Z,2003-01-21T22:00:00.000000Z,UL.SFSUN,78657.77796756133,30873.251145749535,True
